filename,status,target,info
112_726c5d45.md,ok,AI Safety/112_726c5d45.md,confidence=medium
116_294b0039.md,ok,AI Alignment/116_294b0039.md,confidence=medium
119_a4a84e19.md,ok,Evaluation/119_a4a84e19.md,confidence=medium
143_11a0e906.md,ok,AI Safety/143_11a0e906.md,confidence=medium
159_fc67c38f.md,ok,AI Safety/159_fc67c38f.md,confidence=low
161_b497a748.md,ok,AI Safety/161_b497a748.md,confidence=low
189_b6e771eb.md,ok,AI Safety/189_b6e771eb.md,confidence=low
190_f3b729eb.md,ok,AI Safety/190_f3b729eb.md,confidence=low
2015_WHAT_DO_YOU_THINK_ABOUT_MACHINES_THAT_THINK_451f0222.md,ok,AI Safety/2015_WHAT_DO_YOU_THINK_ABOUT_MACHINES_THAT_THINK_451f0222.md,confidence=low
2025-05-announcement.html_43e2e365.md,ok,AI Risk Mitigation/2025-05-announcement.html_43e2e365.md,confidence=medium
2025_Informed_the_year_of_Agentic_AI_-_TechInformed_d93fca7b.md,ok,AI Safety/2025_Informed_the_year_of_Agentic_AI_-_TechInformed_d93fca7b.md,confidence=medium
215_8c00ba40.md,ok,AI Safety/215_8c00ba40.md,confidence=medium
221_56f53f26.md,ok,AI Safety/221_56f53f26.md,confidence=low
222_9c90fe79.md,ok,AI Risk Mitigation/222_9c90fe79.md,confidence=medium
226_9b066c2d.md,ok,AI Safety/226_9b066c2d.md,confidence=low
230_fb033cda.md,ok,Model-level Mitigation/230_fb033cda.md,confidence=medium
254_5f282ae9.md,ok,AI Safety/254_5f282ae9.md,confidence=low
281_ec170c80.md,ok,AI Safety/281_ec170c80.md,confidence=low
287_aa6f98d1.md,ok,AI Safety/287_aa6f98d1.md,confidence=low
290_fdd1fc9a.md,ok,AI Safety/290_fdd1fc9a.md,confidence=medium
293_5e45579a.md,ok,AI Safety/293_5e45579a.md,confidence=low
301_60c3e5f2.md,ok,AI Safety/301_60c3e5f2.md,confidence=low
323_f8334cba.md,ok,AI Safety/323_f8334cba.md,confidence=medium
374_478b16f1.md,ok,AI Risk Mitigation/374_478b16f1.md,confidence=medium
418_ba1b2e50.md,ok,AI Safety/418_ba1b2e50.md,confidence=medium
452_758831b4.md,ok,AI Safety/452_758831b4.md,confidence=low
458_cf90fc1b.md,ok,AI Safety/458_cf90fc1b.md,confidence=low
AI_Alignment_57150640.md,ok,AI Safety/AI_Alignment_57150640.md,confidence=low
AI_Alignment_72dc2650.md,ok,AI Safety/AI_Alignment_72dc2650.md,confidence=low
AI_Alignment_9c5918bf.md,ok,AI Safety/AI_Alignment_9c5918bf.md,confidence=low
AI_Alignment_dbe0a694.md,ok,AI Safety/AI_Alignment_dbe0a694.md,confidence=low
AI_Could_Defeat_All_Of_Us_Combined_7a851c62.md,ok,AI Safety/AI_Could_Defeat_All_Of_Us_Combined_7a851c62.md,confidence=low
AI_Models_Are_Getting_Smarter._New_Tests_Are_Racing_to_Catch_Up_d39691cc.md,ok,Evaluation/AI_Models_Are_Getting_Smarter._New_Tests_Are_Racing_to_Catch_Up_d39691cc.md,confidence=medium
AI_Timelines_Where_the_Arguments_and_the_Experts_Stand_317e7efd.md,ok,AI Safety/AI_Timelines_Where_the_Arguments_and_the_Experts_Stand_317e7efd.md,confidence=medium
AI_automated_discrimination._Heres_how_to_spot_it._97d7d082.md,ok,AI Safety/AI_automated_discrimination._Heres_how_to_spot_it._97d7d082.md,confidence=low
AI_jailbreaks_What_they_are_and_how_they_can_be_mitigated_Microsoft_Security_Blog_4cf43e3b.md,ok,AI Safety/AI_jailbreaks_What_they_are_and_how_they_can_be_mitigated_Microsoft_Security_Blog_4cf43e3b.md,confidence=low
AI_safety_tip_if_you_dont_want_it_giving_bioweapon_instructions_maybe_dont_put_them_in_the_training__3cdd3de8.md,ok,AI Safety/AI_safety_tip_if_you_dont_want_it_giving_bioweapon_instructions_maybe_dont_put_them_in_the_training__3cdd3de8.md,confidence=low
ATTCK_Matrix_for_Enterprise_90bbfb5d.md,ok,AI Safety/ATTCK_Matrix_for_Enterprise_90bbfb5d.md,confidence=low
A_Mathematical_Framework_for_Transformer_Circuits_928c3b5b.md,ok,AI Safety/A_Mathematical_Framework_for_Transformer_Circuits_928c3b5b.md,confidence=medium
A_Toy_Evaluation_of_Inference_Code_Tampering_67e62168.md,ok,Evaluation/A_Toy_Evaluation_of_Inference_Code_Tampering_67e62168.md,confidence=high
A_new_initiative_for_developing_third-party_model_evaluations_b5216eaa.md,ok,Evaluation/A_new_initiative_for_developing_third-party_model_evaluations_b5216eaa.md,confidence=high
Activating_AI_Safety_Level_3_protections_3774cdbe.md,ok,RSP/Activating_AI_Safety_Level_3_protections_3774cdbe.md,confidence=high
Advanced_AI_evaluations_at_AISI_May_update_AISI_Work_91e3c569.md,ok,Evaluation/Advanced_AI_evaluations_at_AISI_May_update_AISI_Work_91e3c569.md,confidence=medium
Advances_in_CRISPR_therapeutics_-_Nature_Reviews_Nephrology_eb101748.md,ok,AI Safety/Advances_in_CRISPR_therapeutics_-_Nature_Reviews_Nephrology_eb101748.md,confidence=low
Alignment_Research_Center_62b91b1b.md,ok,AI Safety/Alignment_Research_Center_62b91b1b.md,confidence=low
Alignment_faking_in_large_language_models_3d7e3773.md,ok,AI Alignment/Alignment_faking_in_large_language_models_3d7e3773.md,confidence=high
All_Possible_Views_About_Humanitys_Future_Are_Wild_aba44c8e.md,ok,AI Safety/All_Possible_Views_About_Humanitys_Future_Are_Wild_aba44c8e.md,confidence=low
AlphaGo_-_Wikipedia_b8fb4193.md,ok,AI Safety/AlphaGo_-_Wikipedia_b8fb4193.md,confidence=medium
AlphaProteo_generates_novel_proteins_for_biology_and_health_research_887b199e.md,ok,AI Safety/AlphaProteo_generates_novel_proteins_for_biology_and_health_research_887b199e.md,confidence=medium
An_Opinionated_Evals_Reading_List_Apollo_Research_318f07f1.md,ok,Evaluation/An_Opinionated_Evals_Reading_List_Apollo_Research_318f07f1.md,confidence=medium
Announcements_0f14dddf.md,ok,AI Safety/Announcements_0f14dddf.md,confidence=low
Announcing_our_updated_Responsible_Scaling_Policy_3a0b4572.md,ok,RSP/Announcing_our_updated_Responsible_Scaling_Policy_3a0b4572.md,confidence=high
Anson_Ho_ed0b588b.md,ok,AI Safety/Anson_Ho_ed0b588b.md,confidence=low
Antagonistic_pleiotropy_hypothesis_-_Wikipedia_0f4a99da.md,ok,AI Safety/Antagonistic_pleiotropy_hypothesis_-_Wikipedia_0f4a99da.md,confidence=low
Anthropic_Raises_450_Million_in_Series_C_Funding_to_Scale_Reliable_AI_Products_ac35f548.md,ok,AI Safety/Anthropic_Raises_450_Million_in_Series_C_Funding_to_Scale_Reliable_AI_Products_ac35f548.md,confidence=medium
Anthropics_Frontier_Safety_Roadmap_c71576a7.md,ok,AI Safety/Anthropics_Frontier_Safety_Roadmap_c71576a7.md,confidence=low
Anthropics_Responsible_Scaling_Policy_274b3659.md,ok,RSP/Anthropics_Responsible_Scaling_Policy_274b3659.md,confidence=high
Anthropics_Responsible_Scaling_Policy_7e83d9fc.md,ok,RSP/Anthropics_Responsible_Scaling_Policy_7e83d9fc.md,confidence=high
Anthropics_Responsible_Scaling_Policy_dc72fbff.md,ok,RSP/Anthropics_Responsible_Scaling_Policy_dc72fbff.md,confidence=high
Anthropicâs_Interpretability_Research_7ff6253f.md,ok,AI Safety/Anthropicâs_Interpretability_Research_7ff6253f.md,confidence=medium
Anti-Scheming_9ff2d5f5.md,ok,Evaluation/Anti-Scheming_9ff2d5f5.md,confidence=high
Apollo_Research_057bf1be.md,ok,Evaluation/Apollo_Research_057bf1be.md,confidence=high
Approximating_KL_Divergence_e00e4e24.md,ok,AI Safety/Approximating_KL_Divergence_e00e4e24.md,confidence=low
Article_56_Codes_of_Practice_cd9ad85d.md,ok,AI Safety/Article_56_Codes_of_Practice_cd9ad85d.md,confidence=low
Artificial_Intelligence_Values_and_Alignment_812bd0cd.md,ok,AI Safety/Artificial_Intelligence_Values_and_Alignment_812bd0cd.md,confidence=medium
Assurance_contract_-_Wikipedia_05c9efe6.md,ok,AI Safety/Assurance_contract_-_Wikipedia_05c9efe6.md,confidence=low
Asynchronous_Methods_for_Deep_Reinforcement_Learning_172f3efa.md,ok,AI Safety/Asynchronous_Methods_for_Deep_Reinforcement_Learning_172f3efa.md,confidence=low
Atoms_for_Peace_-_Wikipedia_5e142ed9.md,ok,AI Safety/Atoms_for_Peace_-_Wikipedia_5e142ed9.md,confidence=low
Auditing_language_models_for_hidden_objectives_7147645e.md,ok,AI Safety/Auditing_language_models_for_hidden_objectives_7147645e.md,confidence=medium
Aviary_training_language_agents_on_challenging_scientific_tasks_FutureHouse_a9156d94.md,ok,AI Safety/Aviary_training_language_agents_on_challenging_scientific_tasks_FutureHouse_a9156d94.md,confidence=low
BLEU_-_Wikipedia_1eb08290.md,ok,Evaluation/BLEU_-_Wikipedia_1eb08290.md,confidence=medium
BadLlama_3_d33b0c77.md,ok,AI Safety/BadLlama_3_d33b0c77.md,confidence=low
Baruch_Plan_-_Wikipedia_20604dc4.md,ok,AI Safety/Baruch_Plan_-_Wikipedia_20604dc4.md,confidence=low
Bayes_factor_-_Wikipedia_2aa0afd6.md,ok,AI Safety/Bayes_factor_-_Wikipedia_2aa0afd6.md,confidence=low
Bill_Text_b3f665b3.md,ok,AI Safety/Bill_Text_b3f665b3.md,confidence=low
Biological_anchors_is_about_bounding_not_pinpointing_AI_timelines_343fcd20.md,ok,AI Safety/Biological_anchors_is_about_bounding_not_pinpointing_AI_timelines_343fcd20.md,confidence=medium
Bria_Persaud_-_Publications_0d1f44dd.md,ok,Evaluation/Bria_Persaud_-_Publications_0d1f44dd.md,confidence=medium
Buck_3aaf690a.md,ok,AI Safety/Buck_3aaf690a.md,confidence=low
CAR_T_cell_-_Wikipedia_17b955b4.md,ok,AI Safety/CAR_T_cell_-_Wikipedia_17b955b4.md,confidence=low
CBPAI_522ed094.md,ok,AI Safety/CBPAI_522ed094.md,confidence=high
CBRN_defense_-_Wikipedia_7dc02fd5.md,ok,AI Safety/CBRN_defense_-_Wikipedia_7dc02fd5.md,confidence=low
CERN_for_AI_An_overview_ad031a5f.md,ok,AI Safety/CERN_for_AI_An_overview_ad031a5f.md,confidence=low
CLARITY_-_Wikipedia_23c62aeb.md,ok,AI Safety/CLARITY_-_Wikipedia_23c62aeb.md,confidence=low
CRISPRCas_History_and_Perspectives_-_Russian_Journal_of_Developmental_Biology_35497485.md,ok,RSP/CRISPRCas_History_and_Perspectives_-_Russian_Journal_of_Developmental_Biology_35497485.md,confidence=medium
CRISPR_-_Wikipedia_6fa4f6de.md,ok,AI Safety/CRISPR_-_Wikipedia_6fa4f6de.md,confidence=low
CS_188_Fall_2024_968558fc.md,ok,AI Safety/CS_188_Fall_2024_968558fc.md,confidence=low
CYBERSECEVAL_3_Advancing_the_Evaluation_of_Cybersecurity_Risks_and_Capabilities_in_Large_Language_Mo_daa15df8.md,ok,Evaluation/CYBERSECEVAL_3_Advancing_the_Evaluation_of_Cybersecurity_Risks_and_Capabilities_in_Large_Language_Mo_daa15df8.md,confidence=high
Can_we_scale_human_feedback_for_complex_AI_tasks_An_intro_to_scalable_oversight._11db026c.md,ok,AI Risk Mitigation/Can_we_scale_human_feedback_for_complex_AI_tasks_An_intro_to_scalable_oversight._11db026c.md,confidence=high
Can_we_scale_human_feedback_for_complex_AI_tasks_An_intro_to_scalable_oversight._814aa54b.md,ok,AI Risk Mitigation/Can_we_scale_human_feedback_for_complex_AI_tasks_An_intro_to_scalable_oversight._814aa54b.md,confidence=high
Catastrophic_Cyber_Capabilities_Benchmark_3CB_b8978dcf.md,ok,Evaluation/Catastrophic_Cyber_Capabilities_Benchmark_3CB_b8978dcf.md,confidence=high
Challenges_and_Prizes_ffebac34.md,ok,Evaluation/Challenges_and_Prizes_ffebac34.md,confidence=high
Challenges_in_evaluating_AI_systems_a00c9d7e.md,ok,Evaluation/Challenges_in_evaluating_AI_systems_a00c9d7e.md,confidence=medium
Charles_Teague_-_Publications_ab391267.md,ok,Evaluation/Charles_Teague_-_Publications_ab391267.md,confidence=medium
Claude_Doesnt_Want_to_Die_b85a5017.md,ok,AI Safety/Claude_Doesnt_Want_to_Die_b85a5017.md,confidence=low
Claudes_Constitution_5f2c1d85.md,ok,AI Safety/Claudes_Constitution_5f2c1d85.md,confidence=low
Claudes_Constitution_b1c32e58.md,ok,AI Safety/Claudes_Constitution_b1c32e58.md,confidence=low
Code_World_Model_Preparedness_Report_d4af6e7f.md,ok,AI Safety/Code_World_Model_Preparedness_Report_d4af6e7f.md,confidence=low
Collective_Constitutional_AI_Aligning_a_Language_Model_with_Public_Input_3c9b034d.md,ok,Model-level Mitigation/Collective_Constitutional_AI_Aligning_a_Language_Model_with_Public_Input_3c9b034d.md,confidence=high
Combining_weak-to-strong_generalization_with_scalable_oversight_8d050f49.md,ok,Model-level Mitigation/Combining_weak-to-strong_generalization_with_scalable_oversight_8d050f49.md,confidence=high
Concorde_-_Wikipedia_12110b87.md,ok,AI Safety/Concorde_-_Wikipedia_12110b87.md,confidence=low
Confidential_computing_-_Wikipedia_8466b72c.md,ok,AI Safety/Confidential_computing_-_Wikipedia_8466b72c.md,confidence=low
Constitutional_Classifiers_Defending_against_universal_jailbreaks_fe7661a0.md,ok,AI Safety/Constitutional_Classifiers_Defending_against_universal_jailbreaks_fe7661a0.md,confidence=medium
Construct_validity_-_Wikipedia_d940ad0b.md,ok,AI Safety/Construct_validity_-_Wikipedia_d940ad0b.md,confidence=low
Contact_Us_Apollo_Research_f43d6548.md,ok,Evaluation/Contact_Us_Apollo_Research_f43d6548.md,confidence=high
Cookie_Policy_1d4cbca5.md,ok,AI Safety/Cookie_Policy_1d4cbca5.md,confidence=low
Cooperative_AI_Contact_92f721d2.md,ok,AI Safety/Cooperative_AI_Contact_92f721d2.md,confidence=low
Core_Views_on_AI_Safety_When_Why_What_and_How_8c7fd668.md,ok,AI Safety/Core_Views_on_AI_Safety_When_Why_What_and_How_8c7fd668.md,confidence=low
Core_Views_on_AI_Safety_When_Why_What_and_How_cbeac227.md,ok,AI Safety/Core_Views_on_AI_Safety_When_Why_What_and_How_cbeac227.md,confidence=low
Cosmos_QA_Machine_Reading_Comprehension_with_Contextual_Commonsense_Reasoning_a5443f4c.md,ok,AI Safety/Cosmos_QA_Machine_Reading_Comprehension_with_Contextual_Commonsense_Reasoning_a5443f4c.md,confidence=low
Could_Artificial_Intelligence_Be_Misused_to_Plan_Biological_Attacks_fd68ea56.md,ok,AI Safety/Could_Artificial_Intelligence_Be_Misused_to_Plan_Biological_Attacks_fd68ea56.md,confidence=low
Countries_that_are_democracies_and_autocracies_a519aa06.md,ok,AI Safety/Countries_that_are_democracies_and_autocracies_a519aa06.md,confidence=low
Crop_Yields_042899e6.md,ok,AI Safety/Crop_Yields_042899e6.md,confidence=low
Cruel_and_unusual_punishment_-_Wikipedia_70a00794.md,ok,AI Safety/Cruel_and_unusual_punishment_-_Wikipedia_70a00794.md,confidence=low
Cybench_05abdf0e.md,ok,Evaluation/Cybench_05abdf0e.md,confidence=high
Dangerous_capability_tests_should_be_harder_603893a0.md,ok,Evaluation/Dangerous_capability_tests_should_be_harder_603893a0.md,confidence=medium
Dario_Amodei_Machines_of_Loving_Grace_caf0dd8e.md,ok,AI Safety/Dario_Amodei_Machines_of_Loving_Grace_caf0dd8e.md,confidence=low
Dawid_Maciorowski_-_Publications_1550c25d.md,ok,Evaluation/Dawid_Maciorowski_-_Publications_1550c25d.md,confidence=medium
Deep_Reinforcement_Learning_from_Human_Preferences_6168096f.md,ok,AI Safety/Deep_Reinforcement_Learning_from_Human_Preferences_6168096f.md,confidence=low
Deep_TAMER_Interactive_Agent_Shaping_in_High-Dimensional_State_Spaces_1a8f076f.md,ok,AI Safety/Deep_TAMER_Interactive_Agent_Shaping_in_High-Dimensional_State_Spaces_1a8f076f.md,confidence=low
Deep_Utopia_0e4e1bd3.md,ok,AI Safety/Deep_Utopia_0e4e1bd3.md,confidence=medium
Defining_Insider_Threats_CISA_9afeb970.md,ok,AI Safety/Defining_Insider_Threats_CISA_9afeb970.md,confidence=low
Details_about_METRs_preliminary_evaluation_of_OpenAI_o1-preview_ba23dd60.md,ok,Evaluation/Details_about_METRs_preliminary_evaluation_of_OpenAI_o1-preview_ba23dd60.md,confidence=high
Detecting_and_Countering_Malicious_Uses_of_Claude_f8b326a6.md,ok,AI Safety/Detecting_and_Countering_Malicious_Uses_of_Claude_f8b326a6.md,confidence=medium
Diverse_carbon_dioxide_removal_approaches_could_reduce_impacts_on_the_energywaterland_system_-_Natur_48a120c4.md,ok,AI Safety/Diverse_carbon_dioxide_removal_approaches_could_reduce_impacts_on_the_energywaterland_system_-_Natur_48a120c4.md,confidence=low
Down_and_Out_in_the_Magic_Kingdom_-_Wikipedia_6391e26b.md,ok,AI Safety/Down_and_Out_in_the_Magic_Kingdom_-_Wikipedia_6391e26b.md,confidence=medium
Effective_Ventures_cd6d856a.md,ok,AI Risk Mitigation/Effective_Ventures_cd6d856a.md,confidence=medium
Elo_rating_system_-_Wikipedia_0240201a.md,ok,AI Safety/Elo_rating_system_-_Wikipedia_0240201a.md,confidence=low
Evals_ce1ac4cb.md,ok,Evaluation/Evals_ce1ac4cb.md,confidence=medium
Evaluating_frontier_AI_RD_capabilities_of_language_model_agents_against_human_experts_b1af10e6.md,ok,Evaluation/Evaluating_frontier_AI_RD_capabilities_of_language_model_agents_against_human_experts_b1af10e6.md,confidence=high
Exclusive_New_Research_Shows_AI_Strategically_Lying_6f6ffce8.md,ok,AI Safety/Exclusive_New_Research_Shows_AI_Strategically_Lying_6f6ffce8.md,confidence=low
Expansion_microscopy_-_Wikipedia_42b2892c.md,ok,AI Safety/Expansion_microscopy_-_Wikipedia_42b2892c.md,confidence=low
External_validity_-_Wikipedia_c3e552b8.md,ok,AI Safety/External_validity_-_Wikipedia_c3e552b8.md,confidence=low
Externality_-_Wikipedia_9530d9ad.md,ok,AI Safety/Externality_-_Wikipedia_9530d9ad.md,confidence=low
FMF_Announces_First-Of-Its-Kind_Information-Sharing_Agreement_-_Frontier_Model_Forum_0426045b.md,ok,AI Safety/FMF_Announces_First-Of-Its-Kind_Information-Sharing_Agreement_-_Frontier_Model_Forum_0426045b.md,confidence=low
Five_Eyes_-_Wikipedia_090eb4e2.md,ok,AI Safety/Five_Eyes_-_Wikipedia_090eb4e2.md,confidence=low
Forecasting_Frontier_Language_Model_Agent_Capabilities_Apollo_Research_21834e33.md,ok,Evaluation/Forecasting_Frontier_Language_Model_Agent_Capabilities_Apollo_Research_21834e33.md,confidence=medium
Forecasting_Transformative_AI_Part_1_What_Kind_of_AI_d1735aca.md,ok,AI Safety/Forecasting_Transformative_AI_Part_1_What_Kind_of_AI_d1735aca.md,confidence=medium
Four_Asian_Tigers_-_Wikipedia_0a522b8a.md,ok,AI Safety/Four_Asian_Tigers_-_Wikipedia_0a522b8a.md,confidence=low
Friedrich_Hayek_-_Wikipedia_25ec0df2.md,ok,AI Safety/Friedrich_Hayek_-_Wikipedia_25ec0df2.md,confidence=low
Frontier_Models_are_Capable_of_In-Context_Scheming_Apollo_Research_f8ac8583.md,ok,Evaluation/Frontier_Models_are_Capable_of_In-Context_Scheming_Apollo_Research_f8ac8583.md,confidence=high
Future_of_AI_Course_BlueDot_Impact_100477de.md,ok,AI Safety/Future_of_AI_Course_BlueDot_Impact_100477de.md,confidence=low
Future_of_AI_Course_BlueDot_Impact_a9f3387d.md,ok,AI Safety/Future_of_AI_Course_BlueDot_Impact_a9f3387d.md,confidence=low
Future_of_AI_Course_BlueDot_Impact_cbe94e84.md,ok,AI Safety/Future_of_AI_Course_BlueDot_Impact_cbe94e84.md,confidence=low
Gene_drives_gaining_speed_-_Nature_Reviews_Genetics_37b3bbea.md,ok,AI Safety/Gene_drives_gaining_speed_-_Nature_Reviews_Genetics_37b3bbea.md,confidence=low
Getting_Closer_to_AI_Complete_Question_Answering_A_Set_of_Prerequisite_Real_Tasks_d03c202c.md,ok,AI Safety/Getting_Closer_to_AI_Complete_Question_Answering_A_Set_of_Prerequisite_Real_Tasks_d03c202c.md,confidence=low
GiveWell_10b8709a.md,ok,AI Safety/GiveWell_10b8709a.md,confidence=low
Going_on_a_vacation_takes_longer_than_Going_for_a_walk_A_Study_of_Temporal_Commonsense_Understanding_ab7380ce.md,ok,AI Safety/Going_on_a_vacation_takes_longer_than_Going_for_a_walk_A_Study_of_Temporal_Commonsense_Understanding_ab7380ce.md,confidence=low
Goodharts_law_-_Wikipedia_d425846f.md,ok,AI Safety/Goodharts_law_-_Wikipedia_d425846f.md,confidence=low
Google_-_Wikipedia_500fb8cf.md,ok,AI Safety/Google_-_Wikipedia_500fb8cf.md,confidence=low
Google_Security_Keys_Neutralized_Employee_Phishing_34af5dff.md,ok,AI Safety/Google_Security_Keys_Neutralized_Employee_Phishing_34af5dff.md,confidence=low
Google_pauses_AI-generated_images_of_people_after_ethnicity_criticism_e22a3751.md,ok,AI Safety/Google_pauses_AI-generated_images_of_people_after_ethnicity_criticism_e22a3751.md,confidence=low
Googles_AI_Beats_Legendary_Go_Player_c87361a1.md,ok,AI Safety/Googles_AI_Beats_Legendary_Go_Player_c87361a1.md,confidence=low
Grant_Ellison_-_Publications_863807a9.md,ok,Evaluation/Grant_Ellison_-_Publications_863807a9.md,confidence=medium
Green_Revolution_-_Wikipedia_1d22240b.md,ok,AI Safety/Green_Revolution_-_Wikipedia_1d22240b.md,confidence=low
Harry_Mayne_1493ede0.md,ok,Evaluation/Harry_Mayne_1493ede0.md,confidence=medium
Henry_Alexander_Bradley_-_Publications_81f9abaa.md,ok,Evaluation/Henry_Alexander_Bradley_-_Publications_81f9abaa.md,confidence=medium
HiLumi_LHC_CERNs_full-scale_test_stand_ente..._f5bf7d31.md,ok,AI Safety/HiLumi_LHC_CERNs_full-scale_test_stand_ente..._f5bf7d31.md,confidence=low
High-Low_Frequency_Detectors_69e34f7f.md,ok,AI Safety/High-Low_Frequency_Detectors_69e34f7f.md,confidence=low
Highly_accurate_protein_structure_prediction_with_AlphaFold_-_Nature_a06e223c.md,ok,AI Safety/Highly_accurate_protein_structure_prediction_with_AlphaFold_-_Nature_a06e223c.md,confidence=low
HodgkinHuxley_model_-_Wikipedia_cbacdc23.md,ok,AI Safety/HodgkinHuxley_model_-_Wikipedia_cbacdc23.md,confidence=low
Home_2f5a1bdc.md,ok,AI Safety/Home_2f5a1bdc.md,confidence=medium
Home_Anthropic_138dc8d9.md,ok,AI Safety/Home_Anthropic_138dc8d9.md,confidence=medium
How_AI_Labs_Can_Safeguard_Model_Weights_f80e302b.md,ok,AI Safety/How_AI_Labs_Can_Safeguard_Model_Weights_f80e302b.md,confidence=low
How_OpenAIs_Sam_Altman_Is_Thinking_About_AGI_and_Superintelligence_in_2025_c4d0c5c3.md,ok,AI Safety/How_OpenAIs_Sam_Altman_Is_Thinking_About_AGI_and_Superintelligence_in_2025_c4d0c5c3.md,confidence=high
How_to_make_the_best_of_the_most_important_century_8d776ced.md,ok,AI Safety/How_to_make_the_best_of_the_most_important_century_8d776ced.md,confidence=low
I._From_GPT-4_to_AGI_Counting_the_OOMs_-_SITUATIONAL_AWARENESS_93687572.md,ok,AI Safety/I._From_GPT-4_to_AGI_Counting_the_OOMs_-_SITUATIONAL_AWARENESS_93687572.md,confidence=medium
IBMs_Watson_gave_unsafe_recommendations_for_treating_cancer_f6b8efde.md,ok,AI Safety/IBMs_Watson_gave_unsafe_recommendations_for_treating_cancer_f6b8efde.md,confidence=low
II._From_AGI_to_Superintelligence_the_Intelligence_Explosion_-_SITUATIONAL_AWARENESS_1744d725.md,ok,AI Safety/II._From_AGI_to_Superintelligence_the_Intelligence_Explosion_-_SITUATIONAL_AWARENESS_1744d725.md,confidence=high
IIIb._Lock_Down_the_Labs_Security_for_AGI_-_SITUATIONAL_AWARENESS_f1d77867.md,ok,AI Safety/IIIb._Lock_Down_the_Labs_Security_for_AGI_-_SITUATIONAL_AWARENESS_f1d77867.md,confidence=medium
IIId._The_Free_World_Must_Prevail_-_SITUATIONAL_AWARENESS_ca7b1bb1.md,ok,AI Safety/IIId._The_Free_World_Must_Prevail_-_SITUATIONAL_AWARENESS_ca7b1bb1.md,confidence=medium
If-Then_Commitments_for_AI_Risk_Reduction_420ae078.md,ok,AI Safety/If-Then_Commitments_for_AI_Risk_Reduction_420ae078.md,confidence=low
If_Anyone_Builds_It_Everyone_Dies_87ba691e.md,ok,AI Safety/If_Anyone_Builds_It_Everyone_Dies_87ba691e.md,confidence=high
Import_AI_a098b9cd.md,ok,AI Risk Mitigation/Import_AI_a098b9cd.md,confidence=medium
In_the_AI_science_boom_beware_your_results_are_only_as_good_as_your_data_aa0d4625.md,ok,AI Safety/In_the_AI_science_boom_beware_your_results_are_only_as_good_as_your_data_aa0d4625.md,confidence=low
Increasing_the_Policy_Readiness_of_Ideas_Tom_Kalil_9daa4574.md,ok,AI Safety/Increasing_the_Policy_Readiness_of_Ideas_Tom_Kalil_9daa4574.md,confidence=low
Inhibition_of_IL-11_signalling_extends_mammalian_healthspan_and_lifespan_-_Nature_4dbe3a8d.md,ok,AI Safety/Inhibition_of_IL-11_signalling_extends_mammalian_healthspan_and_lifespan_-_Nature_4dbe3a8d.md,confidence=low
Inside_the_hunt_for_new_physics_at_the_worlds_largest_particle_collider_185a25b3.md,ok,AI Safety/Inside_the_hunt_for_new_physics_at_the_worlds_largest_particle_collider_185a25b3.md,confidence=low
Inspect_bfb7a89d.md,ok,Evaluation/Inspect_bfb7a89d.md,confidence=high
Institute_for_Disease_Modeling_-_Wikipedia_ef22656c.md,ok,AI Safety/Institute_for_Disease_Modeling_-_Wikipedia_ef22656c.md,confidence=low
Intel_-_Wikipedia_d0c6776a.md,ok,AI Safety/Intel_-_Wikipedia_d0c6776a.md,confidence=low
International_AI_Safety_Report_a7f7f227.md,ok,AI Safety/International_AI_Safety_Report_a7f7f227.md,confidence=low
Introducing_computer_use_a_new_Claude_3.5_Sonnet_and_Claude_3.5_Haiku_03af6638.md,ok,AI Safety/Introducing_computer_use_a_new_Claude_3.5_Sonnet_and_Claude_3.5_Haiku_03af6638.md,confidence=low
Introducing_the_Anthropic_Fellows_Program_for_AI_Safety_Research_3a87facf.md,ok,AI Safety/Introducing_the_Anthropic_Fellows_Program_for_AI_Safety_Research_3a87facf.md,confidence=low
Introducing_the_Frontier_Safety_Framework_4380930c.md,ok,AI Safety/Introducing_the_Frontier_Safety_Framework_4380930c.md,confidence=medium
Introduction_to_Mechanistic_Interpretability_0aa60341.md,ok,AI Safety/Introduction_to_Mechanistic_Interpretability_0aa60341.md,confidence=medium
Is_Democracy_a_Fad_6c2db200.md,ok,AI Safety/Is_Democracy_a_Fad_6c2db200.md,confidence=low
Jailbreak_tricks_Discords_new_chatbot_into_sharing_napalm_and_meth_instructions_TechCrunch_ec6b1403.md,ok,AI Safety/Jailbreak_tricks_Discords_new_chatbot_into_sharing_napalm_and_meth_instructions_TechCrunch_ec6b1403.md,confidence=low
Jason_Matheny_-_Profile_8006f865.md,ok,AI Safety/Jason_Matheny_-_Profile_8006f865.md,confidence=low
Jeffrey_Lee_faf2d73f.md,ok,AI Safety/Jeffrey_Lee_faf2d73f.md,confidence=low
John_D._Morley_b9ea4300.md,ok,AI Safety/John_D._Morley_b9ea4300.md,confidence=low
John_Schulman_OpenAI_Cofounder_-_Reasoning_RLHF_Plan_for_2027_AGI_edd8fc6e.md,ok,AI Risk Mitigation/John_Schulman_OpenAI_Cofounder_-_Reasoning_RLHF_Plan_for_2027_AGI_edd8fc6e.md,confidence=high
Jordan_Despanie_-_Publications_994e2c89.md,ok,Evaluation/Jordan_Despanie_-_Publications_994e2c89.md,confidence=medium
Keep_The_Future_Human_c11277d1.md,ok,AI Safety/Keep_The_Future_Human_c11277d1.md,confidence=high
Key_Components_of_an_RSP_de1a0076.md,ok,RSP/Key_Components_of_an_RSP_de1a0076.md,confidence=high
Knowledge_Unlearning_for_Mitigating_Privacy_Risks_in_Language_Models_69ee0583.md,ok,AI Risk Mitigation/Knowledge_Unlearning_for_Mitigating_Privacy_Risks_in_Language_Models_69ee0583.md,confidence=medium
KullbackLeibler_divergence_-_Wikipedia_f9bd8e99.md,ok,AI Safety/KullbackLeibler_divergence_-_Wikipedia_f9bd8e99.md,confidence=low
Kyle_Brady_-_Publications_4421dc4b.md,ok,Evaluation/Kyle_Brady_-_Publications_4421dc4b.md,confidence=medium
LAB-Bench_Measuring_Capabilities_of_Language_Models_for_Biology_Research_FutureHouse_71d8629b.md,ok,AI Safety/LAB-Bench_Measuring_Capabilities_of_Language_Models_for_Biology_Research_FutureHouse_71d8629b.md,confidence=low
LESSWRONG_19a05258.md,ok,AI Risk Mitigation/LESSWRONG_19a05258.md,confidence=medium
LESSWRONG_318b69cf.md,ok,AI Safety/LESSWRONG_318b69cf.md,confidence=low
LESSWRONG_3b7cdedf.md,ok,AI Risk Mitigation/LESSWRONG_3b7cdedf.md,confidence=medium
LESSWRONG_6e8fb49c.md,ok,AI Safety/LESSWRONG_6e8fb49c.md,confidence=low
LESSWRONG_cc1eed09.md,ok,AI Safety/LESSWRONG_cc1eed09.md,confidence=low
LESSWRONG_d0aef86c.md,ok,AI Safety/LESSWRONG_d0aef86c.md,confidence=low
LESSWRONG_ee64d13a.md,ok,AI Safety/LESSWRONG_ee64d13a.md,confidence=medium
LESSWRONG_f945d0f4.md,ok,AI Safety/LESSWRONG_f945d0f4.md,confidence=high
LESSWRONG_f9826af5.md,ok,AI Safety/LESSWRONG_f9826af5.md,confidence=low
LLM_CTF_SaTML_2024_97b1f306.md,ok,AI Safety/LLM_CTF_SaTML_2024_97b1f306.md,confidence=low
Landauers_principle_-_Wikipedia_1e0a71ad.md,ok,AI Safety/Landauers_principle_-_Wikipedia_1e0a71ad.md,confidence=low
Language_Model_Pilot_Report_409a066e.md,ok,Evaluation/Language_Model_Pilot_Report_409a066e.md,confidence=medium
Learning_to_summarize_with_human_feedback_f59a43c5.md,ok,AI Risk Mitigation/Learning_to_summarize_with_human_feedback_f59a43c5.md,confidence=medium
Life_Expectancy_5bd162df.md,ok,AI Safety/Life_Expectancy_5bd162df.md,confidence=low
Locating_and_Editing_Factual_Associations_in_GPT_c596305d.md,ok,AI Safety/Locating_and_Editing_Factual_Associations_in_GPT_c596305d.md,confidence=low
Location_Verification_for_AI_Chips_Institute_for_AI_Policy_and_Strategy_de9e0639.md,ok,AI Safety/Location_Verification_for_AI_Chips_Institute_for_AI_Policy_and_Strategy_de9e0639.md,confidence=low
Lump_of_labour_fallacy_-_Wikipedia_be3ef851.md,ok,AI Safety/Lump_of_labour_fallacy_-_Wikipedia_be3ef851.md,confidence=low
MATS_Research_fb0dee66.md,ok,AI Safety/MATS_Research_fb0dee66.md,confidence=low
METR_516949eb.md,ok,Evaluation/METR_516949eb.md,confidence=high
Malaria_vaccine_-_Wikipedia_a81e30ed.md,ok,AI Safety/Malaria_vaccine_-_Wikipedia_a81e30ed.md,confidence=low
Many-shot_jailbreaking_0db64752.md,ok,AI Safety/Many-shot_jailbreaking_0db64752.md,confidence=medium
Mapping_the_Mind_of_a_Large_Language_Model_498fcf79.md,ok,AI Safety/Mapping_the_Mind_of_a_Large_Language_Model_498fcf79.md,confidence=low
Mechanistic_anomaly_detection_and_ELK_d034dfdf.md,ok,Model-level Mitigation/Mechanistic_anomaly_detection_and_ELK_d034dfdf.md,confidence=medium
Model_Safety_Bug_Bounty_Program_Claude_Help_Center_52e7c661.md,ok,AI Risk Mitigation/Model_Safety_Bug_Bounty_Program_Claude_Help_Center_52e7c661.md,confidence=medium
Modifying_LLM_Beliefs_with_Synthetic_Document_Finetuning_6e2b5ec5.md,ok,AI Safety/Modifying_LLM_Beliefs_with_Synthetic_Document_Finetuning_6e2b5ec5.md,confidence=low
Monitor_An_AI-Driven_Observability_Interface--_--_283a18bf.md,ok,Evaluation/Monitor_An_AI-Driven_Observability_Interface--_--_283a18bf.md,confidence=medium
Multi-Agent_Risks_from_Advanced_AI_3503a57f.md,ok,Multi-Agent/Multi-Agent_Risks_from_Advanced_AI_3503a57f.md,confidence=medium
Multi-Agent_Risks_from_Advanced_AI_f1e393e5.md,ok,Multi-Agent/Multi-Agent_Risks_from_Advanced_AI_f1e393e5.md,confidence=medium
New_Tests_Reveal_AIs_Capacity_for_Deception_c3258560.md,ok,Evaluation/New_Tests_Reveal_AIs_Capacity_for_Deception_c3258560.md,confidence=medium
New_report_Scheming_AIs_Will_AIs_fake_alignment_during_training_in_order_to_get_power_-_Joe_Carlsmit_71b7a799.md,ok,AI Alignment/New_report_Scheming_AIs_Will_AIs_fake_alignment_during_training_in_order_to_get_power_-_Joe_Carlsmit_71b7a799.md,confidence=high
News_0a2a5014.md,ok,Evaluation/News_0a2a5014.md,confidence=medium
Noah_R._Feldman_-_Harvard_Law_School_c07b20cb.md,ok,AI Safety/Noah_R._Feldman_-_Harvard_Law_School_c07b20cb.md,confidence=low
Nobodys_on_the_ball_on_AGI_alignment_4021700d.md,ok,AI Safety/Nobodys_on_the_ball_on_AGI_alignment_4021700d.md,confidence=medium
Official_Leaderboards_cf42ebe4.md,ok,AI Safety/Official_Leaderboards_cf42ebe4.md,confidence=low
OpenAI_Model_Spec_49ff3771.md,ok,AI Safety/OpenAI_Model_Spec_49ff3771.md,confidence=low
OpenAI_dissolves_team_focused_on_long-term_AI_risks_less_than_one_year_after_announcing_it_31baf3f0.md,ok,Model-level Mitigation/OpenAI_dissolves_team_focused_on_long-term_AI_risks_less_than_one_year_after_announcing_it_31baf3f0.md,confidence=high
Optogenetics_-_Wikipedia_2e1a262a.md,ok,AI Safety/Optogenetics_-_Wikipedia_2e1a262a.md,confidence=low
Order_statistic_-_Wikipedia_8127eb5f.md,ok,AI Safety/Order_statistic_-_Wikipedia_8127eb5f.md,confidence=low
Paul_Christiano_471e48d9.md,ok,AI Safety/Paul_Christiano_471e48d9.md,confidence=medium
Paul_Christiano_Current_Work_in_AI_Alignment_Effective_Altruism_c4e0b2b8.md,ok,AI Safety/Paul_Christiano_Current_Work_in_AI_Alignment_Effective_Altruism_c4e0b2b8.md,confidence=low
Pause_Giant_AI_Experiments_An_Open_Letter_-_Future_of_Life_Institute_d6f15827.md,ok,AI Safety/Pause_Giant_AI_Experiments_An_Open_Letter_-_Future_of_Life_Institute_d6f15827.md,confidence=low
Philanthropically_Supported_Research_1363e6e2.md,ok,AI Risk Mitigation/Philanthropically_Supported_Research_1363e6e2.md,confidence=medium
Pioneering_threat_assessment_and_mitigation_for_AI_systems_75cd7726.md,ok,Evaluation/Pioneering_threat_assessment_and_mitigation_for_AI_systems_75cd7726.md,confidence=medium
Political_Declaration_on_Responsible_Military_Use_of_Artificial_Intelligence_and_Autonomy_-_United_S_bf03e86d.md,ok,AI Safety/Political_Declaration_on_Responsible_Military_Use_of_Artificial_Intelligence_and_Autonomy_-_United_S_bf03e86d.md,confidence=low
Population_Growth_0b6d4e35.md,ok,AI Safety/Population_Growth_0b6d4e35.md,confidence=low
Pre-Deployment_evaluation_of_OpenAIs_o1_model_AISI_Work_2d942ebd.md,ok,Evaluation/Pre-Deployment_evaluation_of_OpenAIs_o1_model_AISI_Work_2d942ebd.md,confidence=high
Pre-agriculture_gender_relations_seem_bad_b40c36f1.md,ok,AI Safety/Pre-agriculture_gender_relations_seem_bad_b40c36f1.md,confidence=low
Pre-deployment_evaluation_of_Anthropics_upgraded_Claude_3.5_Sonnet_AISI_Work_6dc8cac0.md,ok,Evaluation/Pre-deployment_evaluation_of_Anthropics_upgraded_Claude_3.5_Sonnet_AISI_Work_6dc8cac0.md,confidence=high
Pretraining_Data_Filtering_for_Open-Weight_AI_Safety_9659f2e8.md,ok,AI Risk Mitigation/Pretraining_Data_Filtering_for_Open-Weight_AI_Safety_9659f2e8.md,confidence=high
Prioritized_Training_on_Points_that_are_Learnable_Worth_Learning_and_not_yet_Learnt_fbf9225e.md,ok,AI Risk Mitigation/Prioritized_Training_on_Points_that_are_Learnable_Worth_Learning_and_not_yet_Learnt_fbf9225e.md,confidence=medium
Privacy_Notice_80f27f3c.md,ok,AI Safety/Privacy_Notice_80f27f3c.md,confidence=low
Proximal_Policy_OptimizationÂ_900da9d4.md,ok,AI Risk Mitigation/Proximal_Policy_OptimizationÂ_900da9d4.md,confidence=high
Publications_48c622e6.md,ok,AI Risk Mitigation/Publications_48c622e6.md,confidence=high
Putting_up_Bumpers_0d0b4e54.md,ok,AI Safety/Putting_up_Bumpers_0d0b4e54.md,confidence=low
Quantum_tunnelling_-_Wikipedia_fd74ba02.md,ok,AI Safety/Quantum_tunnelling_-_Wikipedia_fd74ba02.md,confidence=low
RAND_Global_and_Emerging_Risks_28d3042c.md,ok,AI Safety/RAND_Global_and_Emerging_Risks_28d3042c.md,confidence=low
RAND_Provides_Objective_Research_Services_and_Public_Policy_Analysis_1dbe37c2.md,ok,AI Safety/RAND_Provides_Objective_Research_Services_and_Public_Policy_Analysis_1dbe37c2.md,confidence=low
Reasons_that_AI_Can_Help_with_AI_Governance_56a98a0a.md,ok,AI Safety/Reasons_that_AI_Can_Help_with_AI_Governance_56a98a0a.md,confidence=low
Redirecting..._3be50887.md,ok,Evaluation/Redirecting..._3be50887.md,confidence=medium
Redirecting_143339e8.md,ok,Evaluation/Redirecting_143339e8.md,confidence=medium
Redirecting_24880147.md,ok,Evaluation/Redirecting_24880147.md,confidence=medium
Redirecting_a7f555e0.md,ok,Evaluation/Redirecting_a7f555e0.md,confidence=medium
Redirecting_ba0fe928.md,ok,Evaluation/Redirecting_ba0fe928.md,confidence=medium
Redirecting_fb5699a0.md,ok,Evaluation/Redirecting_fb5699a0.md,confidence=medium
Reinforcement_Learning_from_Human_Feedback_RLHF_A_Simple_Explainer_e0204920.md,ok,AI Risk Mitigation/Reinforcement_Learning_from_Human_Feedback_RLHF_A_Simple_Explainer_e0204920.md,confidence=medium
Related_posts_28280009.md,ok,Evaluation/Related_posts_28280009.md,confidence=medium
Reliable_Shared_Web_Hosting_Services_f7cc5afa.md,ok,AI Risk Mitigation/Reliable_Shared_Web_Hosting_Services_f7cc5afa.md,confidence=medium
Revisiting_Al-Qaidas_Anthrax_Program_-_Combating_Terrorism_Center_at_West_Point_3aeea483.md,ok,AI Risk Mitigation/Revisiting_Al-Qaidas_Anthrax_Program_-_Combating_Terrorism_Center_at_West_Point_3aeea483.md,confidence=medium
Reward_Hacking_in_Reinforcement_Learning_d6a56447.md,ok,AI Risk Mitigation/Reward_Hacking_in_Reinforcement_Learning_d6a56447.md,confidence=medium
Rights_and_Permissions_dd3789cd.md,ok,AI Safety/Rights_and_Permissions_dd3789cd.md,confidence=low
Roth_v._United_States_-_Wikipedia_82972646.md,ok,AI Safety/Roth_v._United_States_-_Wikipedia_82972646.md,confidence=low
Sabotage_evaluations_for_frontier_models_a3405563.md,ok,Evaluation/Sabotage_evaluations_for_frontier_models_a3405563.md,confidence=high
Safety_engineering_target_selection_and_alignment_theory_-_Machine_Intelligence_Research_Institute_8e289f7b.md,ok,AI Safety/Safety_engineering_target_selection_and_alignment_theory_-_Machine_Intelligence_Research_Institute_8e289f7b.md,confidence=low
Sandbagging_QA_with_Note_Chain-of-Thought_Transcript_Anti-Scheming_c45ec4f2.md,ok,AI Alignment/Sandbagging_QA_with_Note_Chain-of-Thought_Transcript_Anti-Scheming_c45ec4f2.md,confidence=high
Sarah_L._Gebauer_-_Publications_8a417304.md,ok,Evaluation/Sarah_L._Gebauer_-_Publications_8a417304.md,confidence=medium
Scaling_tacit_knowledge_8d8f5a60.md,ok,AI Safety/Scaling_tacit_knowledge_8d8f5a60.md,confidence=low
Secretary_of_State_speech_at_CogX_Festival_3ceb7a55.md,ok,AI Safety/Secretary_of_State_speech_at_CogX_Festival_3ceb7a55.md,confidence=low
Sensitive_compartmented_information_facility_-_Wikipedia_f4baae85.md,ok,AI Safety/Sensitive_compartmented_information_facility_-_Wikipedia_f4baae85.md,confidence=low
Shell_Games_Control_Protocols_for_Adversarial_AI_Agents_bd1bfcb4.md,ok,AI Safety/Shell_Games_Control_Protocols_for_Adversarial_AI_Agents_bd1bfcb4.md,confidence=high
Short_letter_to_my_11-year-old_self_174af071.md,ok,AI Safety/Short_letter_to_my_11-year-old_self_174af071.md,confidence=low
Shutdown_resistance_in_reasoning_models_62f31ec4.md,ok,AI Safety/Shutdown_resistance_in_reasoning_models_62f31ec4.md,confidence=medium
Simple_probes_can_catch_sleeper_agents_b6ca1938.md,ok,AI Alignment/Simple_probes_can_catch_sleeper_agents_b6ca1938.md,confidence=high
Sleeper_Agents_Training_Deceptive_LLMs_that_Persist_Through_Safety_Training_2dc73751.md,ok,AI Alignment/Sleeper_Agents_Training_Deceptive_LLMs_that_Persist_Through_Safety_Training_2dc73751.md,confidence=high
Sleeper_Agents_Training_Deceptive_LLMs_that_Persist_Through_Safety_Training_7defe513.md,ok,AI Alignment/Sleeper_Agents_Training_Deceptive_LLMs_that_Persist_Through_Safety_Training_7defe513.md,confidence=high
Smallpox_8f3d0739.md,ok,AI Safety/Smallpox_8f3d0739.md,confidence=low
Smart_contract_-_Wikipedia_a859c087.md,ok,AI Safety/Smart_contract_-_Wikipedia_a859c087.md,confidence=low
Social_Security_debate_in_the_United_States_-_Wikipedia_75e533ce.md,ok,AI Risk Mitigation/Social_Security_debate_in_the_United_States_-_Wikipedia_75e533ce.md,confidence=medium
Socialist_calculation_debate_-_Wikipedia_23def74e.md,ok,AI Risk Mitigation/Socialist_calculation_debate_-_Wikipedia_23def74e.md,confidence=medium
Sortition_-_Wikipedia_38461114.md,ok,AI Safety/Sortition_-_Wikipedia_38461114.md,confidence=low
Specification_gaming_the_flip_side_of_AI_ingenuity_20cfc7f7.md,ok,AI Safety/Specification_gaming_the_flip_side_of_AI_ingenuity_20cfc7f7.md,confidence=medium
Squiggle_Maximizer_formerly_Paperclip_maximizer_9bc9007c.md,ok,AI Safety/Squiggle_Maximizer_formerly_Paperclip_maximizer_9bc9007c.md,confidence=low
Statement_on_AI_Risk_CAIS_0b044cb6.md,ok,AI Safety/Statement_on_AI_Risk_CAIS_0b044cb6.md,confidence=medium
Statement_on_AI_Risk_CAIS_3943efdd.md,ok,AI Safety/Statement_on_AI_Risk_CAIS_3943efdd.md,confidence=medium
Statement_on_AI_Risk_CAIS_a5ac984d.md,ok,AI Safety/Statement_on_AI_Risk_CAIS_a5ac984d.md,confidence=medium
Statistical_hypothesis_test_-_Wikipedia_391af5d7.md,ok,AI Safety/Statistical_hypothesis_test_-_Wikipedia_391af5d7.md,confidence=low
Steering_at_the_Frontier_Extending_the_Power_of_Prompting_-_Microsoft_Research_aacb2dd9.md,ok,AI Safety/Steering_at_the_Frontier_Extending_the_Power_of_Prompting_-_Microsoft_Research_aacb2dd9.md,confidence=low
Stress_Testing_Deliberative_Alignment_for_Anti-Scheming_Training_Apollo_Research_238004f9.md,ok,Evaluation/Stress_Testing_Deliberative_Alignment_for_Anti-Scheming_Training_Apollo_Research_238004f9.md,confidence=high
Subscribe_to_Epoch_AI_0f65568e.md,ok,AI Safety/Subscribe_to_Epoch_AI_0f65568e.md,confidence=low
Sunishchal_Dev_-_Profile_24892b97.md,ok,Evaluation/Sunishchal_Dev_-_Profile_24892b97.md,confidence=high
Sydney_Brenner_-_Wikipedia_68c339bd.md,ok,AI Safety/Sydney_Brenner_-_Wikipedia_68c339bd.md,confidence=low
Synthetic_data_real_harm_190b80b8.md,ok,AI Safety/Synthetic_data_real_harm_190b80b8.md,confidence=low
Synthetic_virology_the_experts_speak_-_Nature_Biotechnology_bad50acf.md,ok,AI Risk Mitigation/Synthetic_virology_the_experts_speak_-_Nature_Biotechnology_bad50acf.md,confidence=medium
TIME100_AI_2024_Yoshua_Bengio_1464b780.md,ok,AI Safety/TIME100_AI_2024_Yoshua_Bengio_1464b780.md,confidence=low
Technological_singularity_-_Wikipedia_cbb7a8a9.md,ok,AI Safety/Technological_singularity_-_Wikipedia_cbb7a8a9.md,confidence=low
The_AI_Revolution_Our_Immortality_or_Extinction_96160d68.md,ok,AI Safety/The_AI_Revolution_Our_Immortality_or_Extinction_96160d68.md,confidence=medium
The_Amyloid-β_Pathway_in_Alzheimers_Disease_-_Molecular_Psychiatry_6e1c20d8.md,ok,AI Safety/The_Amyloid-β_Pathway_in_Alzheimers_Disease_-_Molecular_Psychiatry_6e1c20d8.md,confidence=low
The_Art_of_the_Deal_-_Wikipedia_b79326db.md,ok,AI Safety/The_Art_of_the_Deal_-_Wikipedia_b79326db.md,confidence=low
The_Association_between_Subjective_Well-being_and_Regime_Type_across_78_countries_the_moderating_rol_d6fc7d31.md,ok,AI Safety/The_Association_between_Subjective_Well-being_and_Regime_Type_across_78_countries_the_moderating_rol_d6fc7d31.md,confidence=low
The_Better_Angels_of_Our_Nature_-_Wikipedia_c0162d30.md,ok,AI Safety/The_Better_Angels_of_Our_Nature_-_Wikipedia_c0162d30.md,confidence=low
The_Bread_and_Butter_Problem_in_AI_Policy_b0ce0b11.md,ok,AI Safety/The_Bread_and_Butter_Problem_in_AI_Policy_b0ce0b11.md,confidence=low
The_Building_Blocks_of_Interpretability_1d4292ce.md,ok,AI Safety/The_Building_Blocks_of_Interpretability_1d4292ce.md,confidence=low
The_CIFAR-10_dataset_857ecb19.md,ok,AI Safety/The_CIFAR-10_dataset_857ecb19.md,confidence=low
The_Computational_Democracy_Project_f509dda6.md,ok,AI Safety/The_Computational_Democracy_Project_f509dda6.md,confidence=low
The_Duplicator_e65d0141.md,ok,AI Safety/The_Duplicator_e65d0141.md,confidence=low
The_End_of_History_and_the_Last_Man_-_Wikipedia_c764d2ce.md,ok,AI Safety/The_End_of_History_and_the_Last_Man_-_Wikipedia_c764d2ce.md,confidence=low
The_Goddess_of_Everything_Else_ab84d811.md,ok,AI Safety/The_Goddess_of_Everything_Else_ab84d811.md,confidence=low
The_Great_Illusion_-_Wikipedia_bf74fee6.md,ok,AI Safety/The_Great_Illusion_-_Wikipedia_bf74fee6.md,confidence=low
The_Precipice_e8e6b56d.md,ok,AI Safety/The_Precipice_e8e6b56d.md,confidence=medium
The_U.S._Public_Wants_Regulation_or_Prohibition_of_ExpertLevel_and_Superhuman_AI_-_Future_of_Life_In_c40e1edd.md,ok,AI Safety/The_U.S._Public_Wants_Regulation_or_Prohibition_of_ExpertLevel_and_Superhuman_AI_-_Future_of_Life_In_c40e1edd.md,confidence=low
The_WMDP_Benchmark_Measuring_and_Reducing_Malicious_Use_With_Unlearning_CAIS_15f3ed05.md,ok,Evaluation/The_WMDP_Benchmark_Measuring_and_Reducing_Malicious_Use_With_Unlearning_CAIS_15f3ed05.md,confidence=high
The_case_for_taking_AI_seriously_as_a_threat_to_humanity_3004f8c2.md,ok,AI Safety/The_case_for_taking_AI_seriously_as_a_threat_to_humanity_3004f8c2.md,confidence=low
The_costs_of_caution_a3459305.md,ok,AI Safety/The_costs_of_caution_a3459305.md,confidence=low
The_lifesaving_Nobel_Prize-winning_discovery_that_almost_didnt_happen_7a287508.md,ok,AI Safety/The_lifesaving_Nobel_Prize-winning_discovery_that_almost_didnt_happen_7a287508.md,confidence=low
The_most_important_century_blog_post_series_fd178cb0.md,ok,AI Safety/The_most_important_century_blog_post_series_fd178cb0.md,confidence=low
The_near-term_impact_of_AI_on_the_cyber_threat_ed1654d4.md,ok,AI Safety/The_near-term_impact_of_AI_on_the_cyber_threat_ed1654d4.md,confidence=low
The_real_reason_AI_benchmarks_havenât_reflected_economic_impacts_5991a9fe.md,ok,Evaluation/The_real_reason_AI_benchmarks_havenât_reflected_economic_impacts_5991a9fe.md,confidence=medium
The_world_is_awful._The_world_is_much_better._The_world_can_be_much_better._fafa44ac.md,ok,AI Safety/The_world_is_awful._The_world_is_much_better._The_world_can_be_much_better._fafa44ac.md,confidence=low
Three-body_problem_-_Wikipedia_f2d9a2b9.md,ok,AI Safety/Three-body_problem_-_Wikipedia_f2d9a2b9.md,confidence=low
Three_rules_for_technological_fixes_-_Nature_92877fb3.md,ok,AI Safety/Three_rules_for_technological_fixes_-_Nature_92877fb3.md,confidence=low
Tim_Huas_Personal_Website_15d671dc.md,ok,AI Safety/Tim_Huas_Personal_Website_15d671dc.md,confidence=low
Tit_for_tat_-_Wikipedia_99757fe1.md,ok,AI Safety/Tit_for_tat_-_Wikipedia_99757fe1.md,confidence=low
Towards_Monosemanticity_Decomposing_Language_Models_With_Dictionary_Learning_eaa33128.md,ok,AI Safety/Towards_Monosemanticity_Decomposing_Language_Models_With_Dictionary_Learning_eaa33128.md,confidence=low
Towards_Understanding_Sycophancy_in_Language_Models_26016be3.md,ok,AI Risk Mitigation/Towards_Understanding_Sycophancy_in_Language_Models_26016be3.md,confidence=high
Two_US_lawyers_fined_for_submitting_fake_court_citations_from_ChatGPT_c4a26fae.md,ok,AI Safety/Two_US_lawyers_fined_for_submitting_fake_court_citations_from_ChatGPT_c4a26fae.md,confidence=low
U.S._Commerce_Secretary_Gina_Raimondo_Announces_Expansion_of_U.S._AI_Safety_Institute_Leadership_Tea_ead0c98f.md,ok,AI Safety/U.S._Commerce_Secretary_Gina_Raimondo_Announces_Expansion_of_U.S._AI_Safety_Institute_Leadership_Tea_ead0c98f.md,confidence=low
U.S._Pushes_for_Less_AI_Regulation_at_Paris_Summit_e783d383.md,ok,AI Safety/U.S._Pushes_for_Less_AI_Regulation_at_Paris_Summit_e783d383.md,confidence=low
United_States_Armed_Forces_-_Wikipedia_f075ee33.md,ok,AI Safety/United_States_Armed_Forces_-_Wikipedia_f075ee33.md,confidence=low
United_States_government_role_in_civil_aviation_-_Wikipedia_56879b18.md,ok,AI Safety/United_States_government_role_in_civil_aviation_-_Wikipedia_56879b18.md,confidence=low
Unlearning_Bias_in_Language_Models_by_Partitioning_Gradients_148b0a55.md,ok,AI Risk Mitigation/Unlearning_Bias_in_Language_Models_by_Partitioning_Gradients_148b0a55.md,confidence=medium
Updated_October_7_Semiconductor_Export_Controls_c314c235.md,ok,AI Safety/Updated_October_7_Semiconductor_Export_Controls_c314c235.md,confidence=low
Updating_the_Frontier_Safety_Framework_26f849eb.md,ok,AI Safety/Updating_the_Frontier_Safety_Framework_26f849eb.md,confidence=high
Vending-Bench_Testing_long-term_coherence_in_agents_Andon_Labs_fe7f5bac.md,ok,Evaluation/Vending-Bench_Testing_long-term_coherence_in_agents_Andon_Labs_fe7f5bac.md,confidence=medium
Virology_Capabilities_Test_430289e6.md,ok,Evaluation/Virology_Capabilities_Test_430289e6.md,confidence=medium
WebArena-x_8490816c.md,ok,Evaluation/WebArena-x_8490816c.md,confidence=high
What_Is_DeepSeek_the_New_Chinese_OpenAI_Rival_8399055d.md,ok,AI Safety/What_Is_DeepSeek_the_New_Chinese_OpenAI_Rival_8399055d.md,confidence=low
What_do_coherence_arguments_imply_about_the_behavior_of_advanced_AI_284a99f9.md,ok,AI Safety/What_do_coherence_arguments_imply_about_the_behavior_of_advanced_AI_284a99f9.md,confidence=low
What_is_AI_alignment_510ee1d0.md,ok,AI Safety/What_is_AI_alignment_510ee1d0.md,confidence=low
What_is_AI_alignment_c1a9b2f0.md,ok,AI Safety/What_is_AI_alignment_c1a9b2f0.md,confidence=low
What_is_Constitutional_AI_c83cc433.md,ok,Model-level Mitigation/What_is_Constitutional_AI_c83cc433.md,confidence=medium
What_is_Recursive_Reward_Modelling_b2db8f27.md,ok,AI Risk Mitigation/What_is_Recursive_Reward_Modelling_b2db8f27.md,confidence=high
What_is_faithful_chain-of-thought_reasoning_and_why_is_it_useful_for_AI_safety_4f1c4c90.md,ok,AI Safety/What_is_faithful_chain-of-thought_reasoning_and_why_is_it_useful_for_AI_safety_4f1c4c90.md,confidence=low
What_is_machine_unlearning_and_why_is_it_useful_989a904b.md,ok,AI Risk Mitigation/What_is_machine_unlearning_and_why_is_it_useful_989a904b.md,confidence=medium
What_is_supervised_fine-tuning_ea12b59d.md,ok,AI Safety/What_is_supervised_fine-tuning_ea12b59d.md,confidence=low
What_is_the_alignment_problem_c4c79e06.md,ok,AI Safety/What_is_the_alignment_problem_c4c79e06.md,confidence=low
What_normal_Americans_not_AI_companies_want_for_AI_ce23b483.md,ok,AI Safety/What_normal_Americans_not_AI_companies_want_for_AI_ce23b483.md,confidence=low
Who_Is_Open_to_Authoritarian_Governance_within_Western_Democracies_Perspectives_on_Politics_Cambridg_6478fd10.md,ok,RSP/Who_Is_Open_to_Authoritarian_Governance_within_Western_Democracies_Perspectives_on_Politics_Cambridg_6478fd10.md,confidence=high
Whole-genome_risk_prediction_of_common_diseases_in_human_preimplantation_embryos_-_Nature_Medicine_085889be.md,ok,AI Safety/Whole-genome_risk_prediction_of_common_diseases_in_human_preimplantation_embryos_-_Nature_Medicine_085889be.md,confidence=low
Why_AI_alignment_could_be_hard_with_modern_deep_learning_fadf7c15.md,ok,AI Safety/Why_AI_alignment_could_be_hard_with_modern_deep_learning_fadf7c15.md,confidence=low
Why_Arms_Control_Is_So_Rare_American_Political_Science_Review_Cambridge_Core_ff5c046a.md,ok,AI Safety/Why_Arms_Control_Is_So_Rare_American_Political_Science_Review_Cambridge_Core_ff5c046a.md,confidence=low
Why_Does_Ozempic_Cure_All_Diseases_71f051a8.md,ok,AI Safety/Why_Does_Ozempic_Cure_All_Diseases_71f051a8.md,confidence=low
Why_Im_Leaving_OpenAI_and_What_Im_Doing_Next_42a87e0f.md,ok,AI Safety/Why_Im_Leaving_OpenAI_and_What_Im_Doing_Next_42a87e0f.md,confidence=low
Why_Im_optimistic_about_our_alignment_approach_3063882f.md,ok,AI Safety/Why_Im_optimistic_about_our_alignment_approach_3063882f.md,confidence=low
Why_Would_AI_Aim_To_Defeat_Humanity_efd7b429.md,ok,AI Safety/Why_Would_AI_Aim_To_Defeat_Humanity_efd7b429.md,confidence=low
Why_the_Godfather_of_A.I._Fears_What_Hes_Built_0d17111a.md,ok,AI Safety/Why_the_Godfather_of_A.I._Fears_What_Hes_Built_0d17111a.md,confidence=low
WikipediaManual_of_Style_-_Wikipedia_b6776631.md,ok,AI Safety/WikipediaManual_of_Style_-_Wikipedia_b6776631.md,confidence=low
Yoshua_Bengio_How_Rogue_AIs_may_Arise_ddf1395b.md,ok,AI Risk Mitigation/Yoshua_Bengio_How_Rogue_AIs_may_Arise_ddf1395b.md,confidence=high
Ω_16_253a538b.md,ok,Evaluation/Ω_16_253a538b.md,confidence=medium
Ω_34_67f38999.md,ok,AI Safety/Ω_34_67f38999.md,confidence=low
Ω_35_160a57c3.md,ok,AI Risk Mitigation/Ω_35_160a57c3.md,confidence=medium
Ω_35_51bcd6bb.md,ok,Evaluation/Ω_35_51bcd6bb.md,confidence=medium
Ω_36_b7040c0e.md,ok,AI Safety/Ω_36_b7040c0e.md,confidence=low
Ω_38_e12fdd1d.md,ok,AI Safety/Ω_38_e12fdd1d.md,confidence=low
Ω_3_f162cf38.md,ok,AI Safety/Ω_3_f162cf38.md,confidence=low
Ω_40_e075e628.md,ok,AI Safety/Ω_40_e075e628.md,confidence=low
Ω_41_0dc16d11.md,ok,Evaluation/Ω_41_0dc16d11.md,confidence=medium
Ω_55_79d493f9.md,ok,AI Safety/Ω_55_79d493f9.md,confidence=low
Ω_5_0ee81fb2.md,ok,RSP/Ω_5_0ee81fb2.md,confidence=high
