file,field,old,new,reason
02_Mitigations-and-Methods/02a_RLHF-and-Limitations/LESSWRONG_318b69cf.md,title,LESSWRONG,Protecting Large Projects Against Mazedom,replaced_sitename_with_url_slug:https://www.lesswrong.com/posts/4inoCWnKrpHt4gCx9/protecting-large-projects-against-mazedom
05_Resources/05b_Sources-Background/LESSWRONG_19a05258.md,title,LESSWRONG,Orthogonality,replaced_sitename_with_url_slug:https://arbital.com/p/orthogonality
05_Resources/05b_Sources-Background/LESSWRONG_3b7cdedf.md,title,LESSWRONG,Tag: Instrumental Convergence,replaced_sitename_with_url_slug:https://www.lesswrong.com/tag/instrumental-convergence
05_Resources/05b_Sources-Background/LESSWRONG_cc1eed09.md,title,LESSWRONG,Expected Utility Formalism,replaced_sitename_with_url_slug:https://arbital.com/p/expected_utility_formalism?l=7hh
05_Resources/05b_Sources-Background/LESSWRONG_f9826af5.md,title,LESSWRONG,Nonperson Predicates,replaced_sitename_with_url_slug:https://www.lesswrong.com/posts/wqDRRx9RqwKLzWt7R/nonperson-predicates
01_Risks-and-Failure-Modes/01a_Existential-Risk/LESSWRONG_f945d0f4.md,title,LESSWRONG,Deepmind The Podcast Excerpts On Agi,replaced_sitename_with_url_slug:https://www.lesswrong.com/posts/SbAgRYo8tkHwhd9Qx/deepmind-the-podcast-excerpts-on-agi
01_Risks-and-Failure-Modes/01a_Existential-Risk/LESSWRONG_ee64d13a.md,title,LESSWRONG,High Reliability Orgs And Ai Companies,replaced_sitename_with_url_slug:https://www.lesswrong.com/posts/FBoyR2rt29oYvazsE/high-reliability-orgs-and-ai-companies
01_Risks-and-Failure-Modes/01a_Existential-Risk/LESSWRONG_d0aef86c.md,title,LESSWRONG,Beware Safety Washing,replaced_sitename_with_url_slug:https://www.lesswrong.com/posts/PY3HEHc5fMQkTrQo4/beware-safety-washing
01_Risks-and-Failure-Modes/01a_Existential-Risk/LESSWRONG_6e8fb49c.md,title,LESSWRONG,Impressions From Base Gpt 4,replaced_sitename_with_url_slug:https://www.lesswrong.com/posts/tbJdxJMAiehewGpq2/impressions-from-base-gpt-4?commentId%3DCemTb7c2gmwuSAwCC=
