from,reason,status,substring,to
03_Evaluations/03e_Other-Evaluations/Bayes_factor_-_Wikipedia_2aa0afd6.md,"math/stats Wikipedia, not actual eval research",ok,Bayes_factor_-_Wikipedia,05_Resources/05b_Sources-Background/Bayes_factor_-_Wikipedia_2aa0afd6.md
03_Evaluations/03e_Other-Evaluations/BLEU_-_Wikipedia_1eb08290.md,Wikipedia on translation metric — background reference,ok,BLEU_-_Wikipedia,05_Resources/05b_Sources-Background/BLEU_-_Wikipedia_1eb08290.md
03_Evaluations/03e_Other-Evaluations/Goodharts_law_-_Wikipedia_d425846f.md,Wikipedia on Goodhart's law — background concept reference,ok,Goodharts_law_-_Wikipedia,05_Resources/05b_Sources-Background/Goodharts_law_-_Wikipedia_d425846f.md
03_Evaluations/03e_Other-Evaluations/KullbackLeibler_divergence_-_Wikipedia_f9bd8e99.md,math background,ok,KullbackLeibler_divergence_-_Wikipedia,05_Resources/05b_Sources-Background/KullbackLeibler_divergence_-_Wikipedia_f9bd8e99.md
03_Evaluations/03e_Other-Evaluations/Statistical_hypothesis_test_-_Wikipedia_391af5d7.md,stats background,ok,Statistical_hypothesis_test_-_Wikipedia,05_Resources/05b_Sources-Background/Statistical_hypothesis_test_-_Wikipedia_391af5d7.md
03_Evaluations/03e_Other-Evaluations/Tit_for_tat_-_Wikipedia_99757fe1.md,game theory background,ok,Tit_for_tat_-_Wikipedia,05_Resources/05b_Sources-Background/Tit_for_tat_-_Wikipedia_99757fe1.md
03_Evaluations/03e_Other-Evaluations/Gene_drives_gaining_speed_-_Nature_Reviews_Genetics_37b3bbea.md,biology paper (Nature) — background reference for biorisk discussion,ok,Gene_drives_gaining_speed,05_Resources/05b_Sources-Background/Gene_drives_gaining_speed_-_Nature_Reviews_Genetics_37b3bbea.md
03_Evaluations/03e_Other-Evaluations/HiLumi_LHC_CERNs_full-scale_test_stand_ente..._f5bf7d31.md,"CERN/particle physics — background, not AI evals",ok,HiLumi_LHC,05_Resources/05b_Sources-Background/HiLumi_LHC_CERNs_full-scale_test_stand_ente..._f5bf7d31.md
03_Evaluations/03e_Other-Evaluations/Whole-genome_risk_prediction_of_common_diseases_in_human_preimplantation_embryos_-_Nature_Medicine_085889be.md,biology paper — background reference,ok,Whole-genome_risk_prediction,05_Resources/05b_Sources-Background/Whole-genome_risk_prediction_of_common_diseases_in_human_preimplantation_embryos_-_Nature_Medicine_085889be.md
03_Evaluations/03e_Other-Evaluations/Harry_Mayne_1493ede0.md,researcher homepage stub,ok,Harry_Mayne,05_Resources/05b_Sources-Background/Harry_Mayne_1493ede0.md
03_Evaluations/03e_Other-Evaluations/Anson_Ho_ed0b588b.md,Epoch AI researcher profile,ok,Anson_Ho_,05_Resources/05b_Sources-Background/Anson_Ho_ed0b588b.md
03_Evaluations/03e_Other-Evaluations/pstone_0a2a5014.md,academic homepage with paper list,ok,pstone,05_Resources/05b_Sources-Background/pstone_0a2a5014.md
02_Mitigations-and-Methods/02a_RLHF-and-Limitations/Externality_-_Wikipedia_9530d9ad.md,economics Wikipedia,ok,Externality_-_Wikipedia,05_Resources/05b_Sources-Background/Externality_-_Wikipedia_9530d9ad.md
04_Governance-and-Policy/04c_Other-Governance/Sortition_-_Wikipedia_38461114.md,political philosophy Wikipedia,ok,Sortition_-_Wikipedia,05_Resources/05b_Sources-Background/Sortition_-_Wikipedia_38461114.md
02_Mitigations-and-Methods/02a_RLHF-and-Limitations/WikipediaManual_of_Style_-_Wikipedia_b6776631.md,"Wikipedia meta-page, not on-topic anywhere",ok,WikipediaManual_of_Style,05_Resources/05b_Sources-Background/WikipediaManual_of_Style_-_Wikipedia_b6776631.md
01_Risks-and-Failure-Modes/01a_Existential-Risk/Antagonistic_pleiotropy_hypothesis_-_Wikipedia_0f4a99da.md,biology Wikipedia,ok,Antagonistic_pleiotropy,05_Resources/05b_Sources-Background/Antagonistic_pleiotropy_hypothesis_-_Wikipedia_0f4a99da.md
,explicit cyber benchmark,target_exists,Catastrophic_Cyber_Capabilities_Benchmark_3CB,
03_Evaluations/03e_Other-Evaluations/LLM_CTF_SaTML_2024_97b1f306.md,LLM capture-the-flag cyber competition,ok,LLM_CTF_SaTML,03_Evaluations/03c_Cyber-Bio-Benchmarks/LLM_CTF_SaTML_2024_97b1f306.md
03_Evaluations/03e_Other-Evaluations/Virology_Capabilities_Test_430289e6.md,explicit bio capability test (VCT),ok,Virology_Capabilities_Test,03_Evaluations/03c_Cyber-Bio-Benchmarks/Virology_Capabilities_Test_430289e6.md
03_Evaluations/03e_Other-Evaluations/Vending-Bench_Testing_long-term_coherence_in_agents_Andon_Labs_fe7f5bac.md,agent long-horizon coherence benchmark,ok,Vending-Bench,03_Evaluations/03d_Agent-Benchmarks-and-Frameworks/Vending-Bench_Testing_long-term_coherence_in_agents_Andon_Labs_fe7f5bac.md
03_Evaluations/03e_Other-Evaluations/Language_Model_Pilot_Report_409a066e.md,METR agent eval report,ok,Language_Model_Pilot_Report,03_Evaluations/03d_Agent-Benchmarks-and-Frameworks/Language_Model_Pilot_Report_409a066e.md
,RE-Bench agent benchmark for ML R&D,no_match,Evaluating_frontier_AI_R_D_capabilities_of_language_model_agents,
03_Evaluations/03e_Other-Evaluations/Details_about_METRs_preliminary_evaluation_of_OpenAI_o1-preview_ba23dd60.md,agent capability eval of o1-preview,ok,Details_about_METRs_preliminary_evaluation_of_OpenAI_o1-preview,03_Evaluations/03d_Agent-Benchmarks-and-Frameworks/Details_about_METRs_preliminary_evaluation_of_OpenAI_o1-preview_ba23dd60.md
,explicit methodology argument,no_match,We_Need_A_Science_of_Evals,
,"open-problems-in-evals doc, methodology",no_match,a_long_list_of_open_problems_and_concrete_projects_in_evals,
03_Evaluations/03e_Other-Evaluations/Sabotage_evaluations_for_frontier_models_a3405563.md,Anthropic eval methodology paper on sabotage threat models,ok,Sabotage_evaluations_for_frontier_models,03_Evaluations/03a_Methodology/Sabotage_evaluations_for_frontier_models_a3405563.md
