document,url,line,matched_document
AI Risk Mitigation/Can we scale human feedback for complex AI tasks? An intro to scalable oversight..md,https://blog.bluedot.org/p/scalable-oversight-intro?utm_source=bluedot-impact,3,AI Risk Mitigation/Can we scale human feedback for complex AI tasks? An intro to scalable oversight..md
AI Risk Mitigation/Recommendations for Technical AI Safety Research Directions.md,https://alignment.anthropic.com/2025/recommended-directions/?utm_source=bluedot-impact,3,AI Risk Mitigation/Recommendations for Technical AI Safety Research Directions.md
AI Risk Mitigation/A small number of samples can poison LLMs of any size.md,https://www.anthropic.com/research/small-samples-poison?utm_source=bluedot-impact,3,AI Risk Mitigation/A small number of samples can poison LLMs of any size.md
AI Risk Mitigation/What is input data filtration in AI safety?.md,https://blog.bluedot.org/p/data-filtration?utm_source=bluedot-impact,3,AI Risk Mitigation/What is input data filtration in AI safety?.md
AI Risk Mitigation/Deep Ignorance Filtering Pretraining Data Builds Tamper-Resistant Safeguards.md,https://deepignorance.ai/?utm_source=bluedot-impact,3,AI Risk Mitigation/Deep Ignorance Filtering Pretraining Data Builds Tamper-Resistant Safeguards.md
AI Risk Mitigation/Enhancing Model Safety through Pretraining Data Filtering.md,https://alignment.anthropic.com/2025/pretraining-data-filtering/?utm_source=bluedot-impact,3,AI Risk Mitigation/Enhancing Model Safety through Pretraining Data Filtering.md
AI Risk Mitigation/A simple technical explanation of RLH(AI)F.md,https://kairos.fm/simple-technical-rlhaif/?utm_source=bluedot-impact,3,AI Risk Mitigation/A simple technical explanation of RLH(AI)F.md
AI Risk Mitigation/A simple technical explanation of RLH(AI)F.md,https://ar5iv.labs.arxiv.org/html/2212.08073,197,Model-level Mitigation/Constitutional AI Harmlessness from AI Feedback.md
AI Risk Mitigation/A simple technical explanation of RLH(AI)F.md,"https://ar5iv.labs.arxiv.org/html/2212.08073#:~:text=in%20our%20repository.-,3,Constitutional%20AI%3A%20Critiques%2C%20Revisions%2C%20and%20Supervised%20Learning,-In%20this%20section",239,Model-level Mitigation/Constitutional AI Harmlessness from AI Feedback.md
AI Safety/AI Could Defeat All Of Us Combined.md,https://www.cold-takes.com/ai-could-defeat-all-of-us-combined/?utm_source=bluedot-impact,3,AI Safety/AI Could Defeat All Of Us Combined.md
AI Safety/Statement on Superintelligence.md,https://superintelligence-statement.org/,3,AI Safety/Statement on Superintelligence.md
AI Safety/What failure looks like — AI Alignment Forum.md,https://www.alignmentforum.org/posts/HBxe6wdjxK239zajf/what-failure-looks-like?utm_source=bluedot-impact,3,AI Safety/What failure looks like — AI Alignment Forum.md
"AI Safety/When AI Thinks It Will Lose, It Sometimes Cheats.md",https://time.com/7259395/ai-chess-cheating-palisade-research/,3,"AI Safety/When AI Thinks It Will Lose, It Sometimes Cheats.md"
AI Safety/My recent lecture at Berkeley and a vision for a “CERN for AI”.md,https://milesbrundage.substack.com/p/my-recent-lecture-at-berkeley-and,3,AI Safety/My recent lecture at Berkeley and a vision for a “CERN for AI”.md
AI Safety/Executive summary.md,https://keepthefuturehuman.ai/essay/docs/executive-summary,3,AI Safety/Executive summary.md
"AI Safety/Why Would AI ""Aim"" To Defeat Humanity?.md",https://www.cold-takes.com/why-would-ai-aim-to-defeat-humanity/?utm_source=bluedot-impact,3,"AI Safety/Why Would AI ""Aim"" To Defeat Humanity?.md"
"AI Safety/Why Would AI ""Aim"" To Defeat Humanity?.md",https://www.cold-takes.com/ai-could-defeat-all-of-us-combined/,26,AI Safety/AI Could Defeat All Of Us Combined.md
"AI Safety/Why Would AI ""Aim"" To Defeat Humanity?.md",https://www.cold-takes.com/ai-could-defeat-all-of-us-combined/#how-this-could-work-if-humans-create-a-huge-population-of-ais,310,AI Safety/AI Could Defeat All Of Us Combined.md
AI Safety/Dario Amodei — Machines of Loving Grace.md,https://www.darioamodei.com/essay/machines-of-loving-grace,3,AI Safety/Dario Amodei — Machines of Loving Grace.md
"AI Safety/IF ANYONE BUILDS IT,EVERYONE DIES.md",https://ifanyonebuildsit.com/,3,"AI Safety/IF ANYONE BUILDS IT,EVERYONE DIES.md"
Model-level Mitigation/Problems with Reinforcement Learning from Human Feedback (RLHF) for AI safety.md,https://blog.bluedot.org/p/rlhf-limitations-for-ai-safety?utm_source=bluedot-impact,3,Model-level Mitigation/Problems with Reinforcement Learning from Human Feedback (RLHF) for AI safety.md
Model-level Mitigation/Weak-to-Strong Generalization Eliciting Strong Capabilities With Weak Supervision.md,https://ar5iv.labs.arxiv.org/html/2312.09390,3,Model-level Mitigation/Weak-to-Strong Generalization Eliciting Strong Capabilities With Weak Supervision.md
"Model-level Mitigation/What is AI debate, and can it make systems safer?.md",https://blog.bluedot.org/p/what-is-ai-debate-and-can-it-make-systems-safer?utm_source=bluedot-impact,3,"Model-level Mitigation/What is AI debate, and can it make systems safer?.md"
Model-level Mitigation/What is Weak-to-Strong Generalisation?.md,https://blog.bluedot.org/p/what-is-weak-to-strong-generalisation?utm_source=bluedot-impact,3,Model-level Mitigation/What is Weak-to-Strong Generalisation?.md
Model-level Mitigation/Illustrating Reinforcement Learning from Human Feedback (RLHF).md,https://huggingface.co/blog/rlhf?utm_source=bluedot-impact,3,Model-level Mitigation/Illustrating Reinforcement Learning from Human Feedback (RLHF).md
Model-level Mitigation/Constitutional AI Harmlessness from AI Feedback.md,https://ar5iv.labs.arxiv.org/html/2212.08073,3,Model-level Mitigation/Constitutional AI Harmlessness from AI Feedback.md
Model-level Mitigation/Detecting and reducing scheming in AI models.md,https://openai.com/index/detecting-and-reducing-scheming-in-ai-models/?utm_source=bluedot-impact,3,Model-level Mitigation/Detecting and reducing scheming in AI models.md
Model-level Mitigation/What is deliberative alignment?.md,https://blog.bluedot.org/p/deliberative-alignment?utm_source=bluedot-impact,3,Model-level Mitigation/What is deliberative alignment?.md
Model-level Mitigation/What is deliberative alignment?.md,https://www.anthropic.com/research/alignment-faking,90,AI Alignment/Alignment faking in large language models.md
Multi-Agent/New Report Multi-Agent Risks from Advanced AI.md,https://www.cooperativeai.com/post/new-report-multi-agent-risks-from-advanced-ai?utm_source=bluedot-impact,3,Multi-Agent/New Report Multi-Agent Risks from Advanced AI.md
AI Alignment/IIIc. Superalignment.md,"https://situational-awareness.ai/superalignment/#The_default_plan_how_we_can_muddle_through:~:text=call%2Dfor%2Dproposals.-,Automating%20alignment%20research,-Ultimately%2C%20we%E2%80%99re%20going",3,AI Alignment/IIIc. Superalignment.md
AI Alignment/Agentic Misalignment How LLMs could be insider threats.md,https://www.anthropic.com/research/agentic-misalignment?utm_source=bluedot-impact,3,AI Alignment/Agentic Misalignment How LLMs could be insider threats.md
AI Alignment/Agentic Misalignment How LLMs could be insider threats.md,https://www.anthropic.com/research/alignment-faking,373,AI Alignment/Alignment faking in large language models.md
AI Alignment/Alignment faking in large language models.md,https://www.anthropic.com/research/alignment-faking?utm_source=bluedot-impact,3,AI Alignment/Alignment faking in large language models.md
AI Alignment/Recent Frontier Models Are Reward Hacking.md,https://metr.org/blog/2025-06-05-recent-reward-hacking/?utm_source=bluedot-impact,3,AI Alignment/Recent Frontier Models Are Reward Hacking.md
AI Alignment/What is AI alignment?.md,https://blog.bluedot.org/p/what-is-ai-alignment?utm_source=bluedot-impact,3,AI Alignment/What is AI alignment?.md
AI Alignment/What is AI alignment?.md,https://www.cold-takes.com/why-would-ai-aim-to-defeat-humanity,150,"AI Safety/Why Would AI ""Aim"" To Defeat Humanity?.md"
AI Alignment/Chain-of-Thought Snippets.md,https://www.antischeming.ai/snippets?utm_source=bluedot-impact,3,AI Alignment/Chain-of-Thought Snippets.md
AI Alignment/Chain-of-Thought Snippets.md,https://openai.com/index/detecting-and-reducing-scheming-in-ai-models,37,Model-level Mitigation/Detecting and reducing scheming in AI models.md
AI Alignment/Self-preservation or Instruction Ambiguity? Examining the Causes of Shutdown Resistance — AI Alignment Forum.md,https://www.alignmentforum.org/posts/wnzkjSmrgWZaBa2aC/self-preservation-or-instruction-ambiguity-examining-the?utm_source=bluedot-impact,4,AI Alignment/Self-preservation or Instruction Ambiguity? Examining the Causes of Shutdown Resistance — AI Alignment Forum.md
AI Alignment/Self-preservation or Instruction Ambiguity? Examining the Causes of Shutdown Resistance — AI Alignment Forum.md,https://www.alignmentforum.org/posts/wnzkjSmrgWZaBa2aC/self-preservation-or-instruction-ambiguity-examining-the#Comparing_our_results_with_Palisade_s_follow_up_findings,30,AI Alignment/Self-preservation or Instruction Ambiguity? Examining the Causes of Shutdown Resistance — AI Alignment Forum.md
AI Alignment/Self-preservation or Instruction Ambiguity? Examining the Causes of Shutdown Resistance — AI Alignment Forum.md,https://www.alignmentforum.org/posts/wnzkjSmrgWZaBa2aC/self-preservation-or-instruction-ambiguity-examining-the#Experiment_details,46,AI Alignment/Self-preservation or Instruction Ambiguity? Examining the Causes of Shutdown Resistance — AI Alignment Forum.md
AI Alignment/Self-preservation or Instruction Ambiguity? Examining the Causes of Shutdown Resistance — AI Alignment Forum.md,https://www.alignmentforum.org/posts/wnzkjSmrgWZaBa2aC/self-preservation-or-instruction-ambiguity-examining-the#Experiment_Details,75,AI Alignment/Self-preservation or Instruction Ambiguity? Examining the Causes of Shutdown Resistance — AI Alignment Forum.md
AI Alignment/When AI Chooses Harm Over Failure.md,https://civai.org/p/agentic-misalignment?utm_source=bluedot-impact,3,AI Alignment/When AI Chooses Harm Over Failure.md
AI Alignment/When AI Chooses Harm Over Failure.md,https://www.anthropic.com/research/agentic-misalignment,28,AI Alignment/Agentic Misalignment How LLMs could be insider threats.md
"AI Alignment/""Carefully Bootstrapped Alignment"" is organizationally hard.md",https://www.lesswrong.com/posts/thkAtqoQwN6DtaiGT/carefully-bootstrapped-alignment-is-organizationally-hard,3,"AI Alignment/""Carefully Bootstrapped Alignment"" is organizationally hard.md"
Evaluation/Do the biorisk evaluations of AI labs actually measure the risk of developing bioweapons?.md,https://epoch.ai/gradient-updates/do-the-biorisk-evaluations-of-ai-labs-actually-measure-the-risk-of-developing-bioweapons?utm_source=bluedot-impact,4,Evaluation/Do the biorisk evaluations of AI labs actually measure the risk of developing bioweapons?.md
Evaluation/We Need A ‘Science of Evals’.md,https://www.apolloresearch.ai/science/we-need-a-science-of-evals/?utm_source=bluedot-impact,3,Evaluation/We Need A ‘Science of Evals’.md
Evaluation/‘3cb’ The Catastrophic Cyber Capabilities Benchmark.md,https://apartresearch.com/news/3cb-the-catastrophic-cyber-capabilities-benchmark?utm_source=bluedot-impact,3,Evaluation/‘3cb’ The Catastrophic Cyber Capabilities Benchmark.md
Evaluation/Toward Comprehensive Benchmarking of the Biological Knowledge of Frontier Large Language Models.md,https://www.rand.org/pubs/research_reports/RRA3797-1.html?utm_source=bluedot-impact,4,Evaluation/Toward Comprehensive Benchmarking of the Biological Knowledge of Frontier Large Language Models.md
Lab Scorecards/Scheming risk prevention.md,https://ailabwatch.org/categories/scheming,3,Lab Scorecards/Scheming risk prevention.md
Lab Scorecards/Planning.md,https://ailabwatch.org/categories/planning,3,Lab Scorecards/Planning.md
Lab Scorecards/Prep for extreme security.md,https://ailabwatch.org/categories/security,3,Lab Scorecards/Prep for extreme security.md
Lab Scorecards/Misuse prevention.md,https://ailabwatch.org/categories/misuse,3,Lab Scorecards/Misuse prevention.md
Lab Scorecards/Risk assessment.md,https://ailabwatch.org/categories/risk-assessment,3,Lab Scorecards/Risk assessment.md
Lab Scorecards/Risk info sharing.md,https://ailabwatch.org/categories/information-sharing,3,Lab Scorecards/Risk info sharing.md
Lab Scorecards/Boosting safety research.md,https://ailabwatch.org/categories/safety-research,3,Lab Scorecards/Boosting safety research.md
RSP/AI models can be dangerous before public deployment.md,https://metr.org/blog/2025-01-17-ai-models-dangerous-before-public-deployment/?utm_source=bluedot-impact,3,RSP/AI models can be dangerous before public deployment.md
RSP/Responsible Scaling Policies (RSPs).md,https://metr.org/blog/2023-09-26-rsp/?utm_source=bluedot-impact,3,RSP/Responsible Scaling Policies (RSPs).md
RSP/Responsible Scaling Policy Version 3.0.md,https://www.anthropic.com/news/responsible-scaling-policy-v3?utm_source=bluedot-impact,3,RSP/Responsible Scaling Policy Version 3.0.md
RSP/PurpleLlamaLlama-Guard412BMODEL_CARD.md at main.md,https://github.com/meta-llama/PurpleLlama/blob/main/Llama-Guard4/12B/MODEL_CARD.md?utm_source=bluedot-impact,3,RSP/PurpleLlamaLlama-Guard412BMODEL_CARD.md at main.md
RSP/The Long-Term Benefit Trust.md,https://www.anthropic.com/news/the-long-term-benefit-trust?utm_source=bluedot-impact,3,RSP/The Long-Term Benefit Trust.md
AI Safety Risk/An Approach to Technical AGI Safety and Security.md,https://deepmindsafetyresearch.medium.com/an-approach-to-technical-agi-safety-and-security-25928819fbc6,3,AI Safety Risk/An Approach to Technical AGI Safety and Security.md
