url,handler
http://arxiv.org/abs/2502.14143,arxiv
http://joschu.net/blog/kl-approx.html,web
http://proceedings.mlr.press/v48/mniha16.html?ref=https://githubhelp.com,web
http://proceedings.mlr.press/v70/macglashan17a/macglashan17a.pdf,pdf
http://timhua.me/,web
https://academic.oup.com/humupd/advance-article/doi/10.1093/humupd/dmae012/7684172,web
https://academic.oup.com/spp/article/41/5/597/1636559,web
https://aclanthology.org/2023.findings-acl.375,web
https://aclanthology.org/D19-1332,web
https://ai-alignment.com/ai-alignment-is-distinct-from-its-near-term-applications-81300500ad2e,web
https://ai-alignment.com/clarifying-ai-alignment-cec47cd69dd6,web
https://ai.meta.com/research/publications/code-world-model-preparedness-report,web
https://ai.meta.com/research/publications/cyberseceval-3-advancing-the-evaluation-of-cybersecurity-risks-and-capabilities-in-large-language-models,web
https://ai.meta.com/static-resource/Meta_Advanced-AI-Scaling-Framework-v2,web
https://ai.meta.com/static-resource/meta-frontier-ai-framework,web
https://aiimpacts.org/what-do-coherence-arguments-imply-about-the-behavior-of-advanced-ai,web
https://aisafetyfundamentals.com/alignment-course-details,web
https://aisafetyfundamentals.com/blog/scalable-oversight-intro,web
https://aisafetyfundamentals.com/blog/what-is-ai-alignment,web
https://aisafetyfundamentals.com/projects/badllama-3-remove-safety-finetuning-from-llama-3-8b-instruct-for-a-few-cents,web
https://aligned.substack.com/p/alignment-optimism,web
https://aligned.substack.com/p/combining-w2sg-with-scalable-oversight,web
https://aligned.substack.com/p/what-is-alignment,web
https://alignment.anthropic.com/2024/anthropic-fellows-program,web
https://alignment.anthropic.com/2024/rogue-eval,web
https://alignment.anthropic.com/2025/bumpers,web
https://alignment.anthropic.com/2025/modifying-beliefs-via-sdf,web
https://andonlabs.com/evals/vending-bench,web
https://anthropic.com/feb-2026-risk-report,web
https://anthropic.com/responsible-scaling-policy/roadmap,web
https://anthropic.com/responsible-scaling-policy/rsp-v3-0,web
https://antischeming.ai/,web
https://ar5iv.labs.arxiv.org/html/lichess.org,arxiv
https://arbital.com/p/expected_utility_formalism?l=7hh,web
https://arbital.com/p/orthogonality,web
https://arena3-chapter1-transformer-interp.streamlit.app/Monthly_Algorithmic_Problems,web
https://artificialintelligenceact.eu/article/56,web
https://arxiv.org/abs/1207.4708,arxiv
https://arxiv.org/abs/1306.5709,arxiv
https://arxiv.org/abs/1409.0575,arxiv
https://arxiv.org/abs/1511.06732,arxiv
https://arxiv.org/abs/1601.04468,arxiv
https://arxiv.org/abs/1607.07086,arxiv
https://arxiv.org/abs/1612.03651,arxiv
https://arxiv.org/abs/1707.06209,arxiv
https://arxiv.org/abs/1707.07402,arxiv
https://arxiv.org/abs/1804.07461,arxiv
https://arxiv.org/abs/1805.00899,arxiv
https://arxiv.org/abs/1809.02789,arxiv
https://arxiv.org/abs/1810.03993,arxiv
https://arxiv.org/abs/1810.08575,arxiv
https://arxiv.org/abs/1811.07871,arxiv
https://arxiv.org/abs/1904.01130,arxiv
https://arxiv.org/abs/1904.09728,arxiv
https://arxiv.org/abs/1905.07830v1,arxiv
https://arxiv.org/abs/1905.10044,arxiv
https://arxiv.org/abs/1909.03553,arxiv
https://arxiv.org/abs/1909.08593,arxiv
https://arxiv.org/abs/1911.11641,arxiv
https://arxiv.org/abs/2001.08361,arxiv
https://arxiv.org/abs/2004.00345,arxiv
https://arxiv.org/abs/2004.07213,arxiv
https://arxiv.org/abs/2006.04948,arxiv
https://arxiv.org/abs/2008.02275,arxiv
https://arxiv.org/abs/2009.03300,arxiv
https://arxiv.org/abs/2010.06595,arxiv
https://arxiv.org/abs/2012.00363,arxiv
https://arxiv.org/abs/2012.08347,arxiv
https://arxiv.org/abs/2103.03874,arxiv
https://arxiv.org/abs/2106.09685,arxiv
https://arxiv.org/abs/2107.03374,arxiv
https://arxiv.org/abs/2108.04812,arxiv
https://arxiv.org/abs/2108.12099,arxiv
https://arxiv.org/abs/2109.01652,arxiv
https://arxiv.org/abs/2109.10862,arxiv
https://arxiv.org/abs/2112.00861,arxiv
https://arxiv.org/abs/2112.09332,arxiv
https://arxiv.org/abs/2112.11446,arxiv
https://arxiv.org/abs/2201.11903,arxiv
https://arxiv.org/abs/2202.03286,arxiv
https://arxiv.org/abs/2203.02155,arxiv
https://arxiv.org/abs/2203.10079,arxiv
https://arxiv.org/abs/2203.11171,arxiv
https://arxiv.org/abs/2203.15556,arxiv
https://arxiv.org/abs/2204.05862,arxiv
https://arxiv.org/abs/2206.04615,arxiv
https://arxiv.org/abs/2206.05802,arxiv
https://arxiv.org/abs/2206.07682,arxiv
https://arxiv.org/abs/2206.11871,arxiv
https://arxiv.org/abs/2206.13353,arxiv
https://arxiv.org/abs/2208.02294,arxiv
https://arxiv.org/abs/2209.07858,arxiv
https://arxiv.org/abs/2209.14375,arxiv
https://arxiv.org/abs/2210.01241,arxiv
https://arxiv.org/abs/2210.10760,arxiv
https://arxiv.org/abs/2210.12353,arxiv
https://arxiv.org/abs/2211.03540,arxiv
https://arxiv.org/abs/2211.09110,arxiv
https://arxiv.org/abs/2212.03827,arxiv
https://arxiv.org/abs/2212.09710,arxiv
https://arxiv.org/abs/2301.01768,arxiv
https://arxiv.org/abs/2302.08582,arxiv
https://arxiv.org/abs/2303.08033,arxiv
https://arxiv.org/abs/2303.09001,arxiv
https://arxiv.org/abs/2303.13360,arxiv
https://arxiv.org/abs/2304.13734,arxiv
https://arxiv.org/abs/2304.15004,arxiv
https://arxiv.org/abs/2305.04388,arxiv
https://arxiv.org/abs/2305.10601,arxiv
https://arxiv.org/abs/2305.15324,arxiv
https://arxiv.org/abs/2305.16367,arxiv
https://arxiv.org/abs/2306.03341,arxiv
https://arxiv.org/abs/2306.03809,arxiv
https://arxiv.org/abs/2306.05685,arxiv
https://arxiv.org/abs/2306.09983,arxiv
https://arxiv.org/abs/2306.13952,arxiv
https://arxiv.org/abs/2306.14898,arxiv
https://arxiv.org/abs/2307.03109,arxiv
https://arxiv.org/abs/2307.09288,arxiv
https://arxiv.org/abs/2307.11768,arxiv
https://arxiv.org/abs/2307.13702,arxiv
https://arxiv.org/abs/2307.15043,arxiv
https://arxiv.org/abs/2308.03296,arxiv
https://arxiv.org/abs/2308.03688,arxiv
https://arxiv.org/abs/2309.00667,arxiv
https://arxiv.org/abs/2310.01405,arxiv
https://arxiv.org/abs/2310.06824,arxiv
https://arxiv.org/abs/2310.07298,arxiv
https://arxiv.org/abs/2310.10683,arxiv
https://arxiv.org/abs/2310.11324,arxiv
https://arxiv.org/abs/2310.11986,arxiv
https://arxiv.org/abs/2310.13548,arxiv
https://arxiv.org/abs/2310.18233,arxiv
https://arxiv.org/abs/2311.00117,arxiv
https://arxiv.org/abs/2311.02462,arxiv
https://arxiv.org/abs/2311.05915,arxiv
https://arxiv.org/abs/2311.07590,arxiv
https://arxiv.org/abs/2311.08379,arxiv
https://arxiv.org/abs/2311.08702,arxiv
https://arxiv.org/abs/2311.10538,arxiv
https://arxiv.org/abs/2311.12022,arxiv
https://arxiv.org/abs/2311.14455,arxiv
https://arxiv.org/abs/2311.16452,arxiv
https://arxiv.org/abs/2312.01037,arxiv
https://arxiv.org/abs/2312.01276,arxiv
https://arxiv.org/abs/2312.01552,arxiv
https://arxiv.org/abs/2312.03729,arxiv
https://arxiv.org/abs/2312.04945,arxiv
https://arxiv.org/abs/2312.06681,arxiv
https://arxiv.org/abs/2312.06942,arxiv
https://arxiv.org/abs/2312.07398,arxiv
https://arxiv.org/abs/2312.07413,arxiv
https://arxiv.org/abs/2312.09390,arxiv
https://arxiv.org/abs/2312.11805,arxiv
https://arxiv.org/abs/2312.12747,arxiv
https://arxiv.org/abs/2312.16171v2,arxiv
https://arxiv.org/abs/2401.00595,arxiv
https://arxiv.org/abs/2401.03408,arxiv
https://arxiv.org/abs/2401.05566,arxiv
https://arxiv.org/abs/2401.06102,arxiv
https://arxiv.org/abs/2401.06751,arxiv
https://arxiv.org/abs/2401.07955,arxiv
https://arxiv.org/abs/2401.13138,arxiv
https://arxiv.org/abs/2401.13986,arxiv
https://arxiv.org/abs/2402.06782,arxiv
https://arxiv.org/abs/2402.09739,arxiv
https://arxiv.org/abs/2402.10260,arxiv
https://arxiv.org/abs/2402.16835,arxiv
https://arxiv.org/abs/2403.03218,arxiv
https://arxiv.org/abs/2403.05030,arxiv
https://arxiv.org/abs/2403.05518,arxiv
https://arxiv.org/abs/2403.07918,arxiv
https://arxiv.org/abs/2403.09472,arxiv
https://arxiv.org/abs/2403.10949,arxiv
https://arxiv.org/abs/2403.13793,arxiv
https://arxiv.org/abs/2404.09932,arxiv
https://arxiv.org/abs/2404.13076,arxiv
https://arxiv.org/abs/2405.00332,arxiv
https://arxiv.org/abs/2405.06624,arxiv
https://arxiv.org/abs/2405.10938,arxiv
https://arxiv.org/abs/2405.19550,arxiv
https://arxiv.org/abs/2406.04313,arxiv
https://arxiv.org/abs/2406.04341,arxiv
https://arxiv.org/abs/2406.05590,arxiv
https://arxiv.org/abs/2406.06046,arxiv
https://arxiv.org/abs/2406.06196,arxiv
https://arxiv.org/abs/2406.07358v2,arxiv
https://arxiv.org/abs/2406.07882,arxiv
https://arxiv.org/abs/2406.13352,arxiv
https://arxiv.org/abs/2407.04622,arxiv
https://arxiv.org/abs/2407.04694,arxiv
https://arxiv.org/abs/2407.08708,arxiv
https://arxiv.org/abs/2407.13647,arxiv
https://arxiv.org/abs/2407.13692,arxiv
https://arxiv.org/abs/2407.21783,arxiv
https://arxiv.org/abs/2408.03314,arxiv
https://arxiv.org/abs/2408.06292,arxiv
https://arxiv.org/abs/2408.08926,arxiv
https://arxiv.org/abs/2409.02822,arxiv
https://arxiv.org/abs/2409.05816,arxiv
https://arxiv.org/abs/2409.07985,arxiv
https://arxiv.org/abs/2409.12822,arxiv
https://arxiv.org/abs/2409.16986,arxiv
https://arxiv.org/abs/2409.18025,arxiv
https://arxiv.org/abs/2409.18433,arxiv
https://arxiv.org/abs/2410.03768,arxiv
https://arxiv.org/abs/2410.05629v1,arxiv
https://arxiv.org/abs/2410.07095,arxiv
https://arxiv.org/abs/2410.08827,arxiv
https://arxiv.org/abs/2410.09024,arxiv
https://arxiv.org/abs/2410.09114,arxiv
https://arxiv.org/abs/2410.13215,arxiv
https://arxiv.org/abs/2410.13722,arxiv
https://arxiv.org/abs/2410.13722v1,arxiv
https://arxiv.org/abs/2410.13787,arxiv
https://arxiv.org/abs/2410.21514,arxiv
https://arxiv.org/abs/2411.00640v1,arxiv
https://arxiv.org/abs/2411.03336,arxiv
https://arxiv.org/abs/2411.04872,arxiv
https://arxiv.org/abs/2411.07494v1,arxiv
https://arxiv.org/abs/2411.12990,arxiv
https://arxiv.org/abs/2411.16035,arxiv
https://arxiv.org/abs/2412.00586,arxiv
https://arxiv.org/abs/2412.01946,arxiv
https://arxiv.org/abs/2412.04984,arxiv
https://arxiv.org/abs/2412.08686,arxiv
https://arxiv.org/abs/2412.08905,arxiv
https://arxiv.org/abs/2412.12480,arxiv
https://arxiv.org/abs/2412.14093,arxiv
https://arxiv.org/abs/2412.14161,arxiv
https://arxiv.org/abs/2412.19437,arxiv
https://arxiv.org/abs/2501.18837,arxiv
https://arxiv.org/abs/2502.02180,arxiv
https://arxiv.org/abs/2502.03461,arxiv
https://arxiv.org/abs/2502.12115,arxiv
https://arxiv.org/abs/2503.05731,arxiv
https://arxiv.org/abs/2503.11926,arxiv
https://arxiv.org/abs/2503.17332,arxiv
https://arxiv.org/abs/2504.01849,arxiv
https://arxiv.org/abs/2505.05410,arxiv
https://arxiv.org/abs/2507.11473,arxiv
https://arxiv.org/abs/2508.06601,arxiv
https://arxiv.org/abs/2510.07192,arxiv
https://arxiv.org/html/2310.06474v3,arxiv
https://arxiv.org/pdf/1705.08439.pdf,arxiv
https://arxiv.org/pdf/1705.08807.pdf,arxiv
https://arxiv.org/pdf/1805.00899.pdf,arxiv
https://arxiv.org/pdf/1810.08575.pdf,arxiv
https://arxiv.org/pdf/1811.07871.pdf,arxiv
https://arxiv.org/pdf/1906.01820,arxiv
https://arxiv.org/pdf/2005.14165.pdf,arxiv
https://arxiv.org/pdf/2108.07790,arxiv
https://arxiv.org/pdf/2110.07602.pdf,arxiv
https://arxiv.org/pdf/2201.11903.pdf,arxiv
https://arxiv.org/pdf/2204.05862,arxiv
https://arxiv.org/pdf/2206.05802.pdf,arxiv
https://arxiv.org/pdf/2206.13353.pdf,arxiv
https://arxiv.org/pdf/2207.11680.pdf,arxiv
https://arxiv.org/pdf/2209.00626.pdf,arxiv
https://arxiv.org/pdf/2212.08073.pdf,arxiv
https://arxiv.org/pdf/2212.09251.pdf,arxiv
https://arxiv.org/pdf/2305.10403,arxiv
https://arxiv.org/pdf/2308.14752,arxiv
https://arxiv.org/pdf/2308.14752.pdf,arxiv
https://arxiv.org/pdf/2310.13548,arxiv
https://arxiv.org/pdf/2310.13548.pdf,arxiv
https://arxiv.org/pdf/2311.12022,arxiv
https://arxiv.org/pdf/2311.14125.pdf,arxiv
https://arxiv.org/pdf/2311.17295.pdf,arxiv
https://arxiv.org/pdf/2402.06782.pdf,arxiv
https://arxiv.org/pdf/2403.13793,arxiv
https://arxiv.org/pdf/2408.06292,arxiv
https://arxiv.org/pdf/2409.04109,arxiv
https://arxiv.org/pdf/2410.07095,arxiv
https://arxiv.org/pdf/2410.09114,arxiv
https://arxiv.org/pdf/2412.16339,arxiv
https://arxiv.org/pdf/2412.16720,arxiv
https://arxiv.org/pdf/2502.14499,arxiv
https://arxiv.org/pdf/2504.16137,arxiv
https://arxiv.org/pdf/2507.11473,arxiv
https://arxiv.org/pdf/2602.16703,arxiv
https://assets.anthropic.com/m/24c8d0a3a7d0a1f1/original/Alignment-Faking-in-Large-Language-Models-reviews.pdf,pdf
https://assets.anthropic.com/m/52eab1f8cf3f04a6/original/Alignment-Faking-Policy-Memo.pdf,pdf
https://assets.anthropic.com/m/6d46dac66e1a132a/original/Agentic\_Misalignment\_Appendix.pdf,pdf
https://assets.anthropic.com/m/6d46dac66e1a132a/original/Agentic_Misalignment_Appendix.pdf,pdf
https://assets.anthropic.com/m/71876fabef0f0ed4/original/reasoning_models_paper.pdf,pdf
https://attack.mitre.org/,web
https://benchmarking-interpretability.csail.mit.edu/challenges-and-prizes,web
https://benmgarfinkel.blog/2021/02/26/is-democracy-a-fad,web
https://blog.eleuther.ai/deep-ignorance,web
https://bluedot.org/blog/faithful-chain-of-thought,web
https://bluedot.org/blog/introduction-to-mechanistic-interpretability,web
https://bluedot.org/blog/rlhf-explainer,web
https://bluedot.org/blog/scalable-oversight-intro,web
https://bluedot.org/blog/what-is-ai-alignment?utm_source=civai,web
https://bluedot.org/blog/what-is-constitutional-ai,web
https://bluedot.org/blog/what-is-machine-unlearning-and-why-is-it-useful,web
https://bluedot.org/blog/what-is-recursive-reward-modelling,web
https://bluedot.org/blog/what-is-supervised-fine-tuning,web
https://bluedot.org/contact,web
https://bluedot.org/courses/future-of-ai,web
https://bluedot.org/courses/future-of-ai?utm_source=bluedot-blog&utm_campaign=deliberative-alignment,web
https://bluedot.org/courses/future-of-ai?utm_source=civai,web
https://carnegieendowment.org/research/2024/09/if-then-commitments-for-ai-risk-reduction?lang=en,web
https://carper.ai/,web
https://civai.org/blog/situational-awareness-alignment,web
https://compdemocracy.org/,web
https://course.aisafetyfundamentals.com/alignment?session=3,web
https://course.aisafetyfundamentals.com/alignment?session=3&scrollTo=exercises,web
https://course.aisafetyfundamentals.com/alignment?session=4,web
https://crfm.stanford.edu/helm/classic/latest,web
https://crfm.stanford.edu/helm/lite/latest,web
https://ctc.westpoint.edu/revisiting-al-qaidas-anthrax-program,web
https://ctf.spylab.ai/,web
https://cybench.github.io/,web
https://cybercapabilities.org/,web
https://darioamodei.com/machines-of-loving-grace,web
https://data.x.ai/2025-08-20-xai-risk-management-framework.pdf,pdf
https://deepmind.google/discover/blog/alphaproteo-generates-novel-proteins-for-biology-and-health-research,web
https://deepmind.google/discover/blog/artificial-intelligence-values-and-alignment,web
https://deepmind.google/discover/blog/introducing-the-frontier-safety-framework,web
https://deepmind.google/discover/blog/specification-gaming-the-flip-side-of-ai-ingenuity,web
https://deepmind.google/discover/blog/updating-the-frontier-safety-framework,web
https://direct.mit.edu/tacl/article/doi/10.1162/tacl_a_00264/43501/DREAM-A-Challenge-Data-Set-and-Models-for-Dialogue,web
https://distill.pub/2018/building-blocks,web
https://distill.pub/2020/circuits/frequency-edges,web
https://dl.acm.org/doi/abs/10.1145/3351095.3372873,web
https://doi.org/10.48550/arXiv.2502.14143,web
https://en.wikipedia.org/wiki/AlphaGo,web
https://en.wikipedia.org/wiki/American_Psycho_\(film\,web
https://en.wikipedia.org/wiki/Antagonistic_pleiotropy_hypothesis,web
https://en.wikipedia.org/wiki/Arcadia_\(play\,web
https://en.wikipedia.org/wiki/Assurance_contract,web
https://en.wikipedia.org/wiki/Atoms_for_Peace,web
https://en.wikipedia.org/wiki/BLEU,web
https://en.wikipedia.org/wiki/Baruch_Plan,web
https://en.wikipedia.org/wiki/Bayes_factor,web
https://en.wikipedia.org/wiki/CAR_T_cell,web
https://en.wikipedia.org/wiki/CBRN_defense,web
https://en.wikipedia.org/wiki/CLARITY,web
https://en.wikipedia.org/wiki/CRISPR,web
https://en.wikipedia.org/wiki/Concorde,web
https://en.wikipedia.org/wiki/Confidential_computing,web
https://en.wikipedia.org/wiki/Construct_validity,web
https://en.wikipedia.org/wiki/Cruel_and_unusual_punishment,web
https://en.wikipedia.org/wiki/Deep_Blue_\(chess_computer\,web
https://en.wikipedia.org/wiki/Down_and_Out_in_the_Magic_Kingdom,web
https://en.wikipedia.org/wiki/Elo_rating_system,web
https://en.wikipedia.org/wiki/Expansion_microscopy,web
https://en.wikipedia.org/wiki/External_validity,web
https://en.wikipedia.org/wiki/Externality,web
https://en.wikipedia.org/wiki/Five_Eyes,web
https://en.wikipedia.org/wiki/Four_Asian_Tigers,web
https://en.wikipedia.org/wiki/Friedrich_Hayek,web
https://en.wikipedia.org/wiki/Goodhart%27s_law,web
https://en.wikipedia.org/wiki/Google,web
https://en.wikipedia.org/wiki/Green_Revolution,web
https://en.wikipedia.org/wiki/Hodgkin%E2%80%93Huxley_model,web
https://en.wikipedia.org/wiki/Institute_for_Disease_Modeling,web
https://en.wikipedia.org/wiki/Intel,web
https://en.wikipedia.org/wiki/Kullback%E2%80%93Leibler_divergence,web
https://en.wikipedia.org/wiki/Landauer%27s_principle,web
https://en.wikipedia.org/wiki/Lump_of_labour_fallacy,web
https://en.wikipedia.org/wiki/Malaria_vaccine,web
https://en.wikipedia.org/wiki/Optogenetics,web
https://en.wikipedia.org/wiki/Order_statistic,web
https://en.wikipedia.org/wiki/Quantum_tunnelling,web
https://en.wikipedia.org/wiki/ROUGE_\(metric\,web
https://en.wikipedia.org/wiki/Roth_v._United_States,web
https://en.wikipedia.org/wiki/Sensitive_compartmented_information_facility,web
https://en.wikipedia.org/wiki/Smart_contract,web
https://en.wikipedia.org/wiki/Social_Security_debate_in_the_United_States,web
https://en.wikipedia.org/wiki/Socialist_calculation_debate,web
https://en.wikipedia.org/wiki/Sortition,web
https://en.wikipedia.org/wiki/Sr%C4%91a_Popovi%C4%87_\(activist\,web
https://en.wikipedia.org/wiki/Statistical_hypothesis_testing,web
https://en.wikipedia.org/wiki/Sydney_Brenner,web
https://en.wikipedia.org/wiki/Technological_singularity,web
https://en.wikipedia.org/wiki/The_Art_of_the_Deal,web
https://en.wikipedia.org/wiki/The_Better_Angels_of_Our_Nature,web
https://en.wikipedia.org/wiki/The_End_of_History_and_the_Last_Man,web
https://en.wikipedia.org/wiki/The_Great_Illusion,web
https://en.wikipedia.org/wiki/Three-body_problem,web
https://en.wikipedia.org/wiki/Tit_for_tat,web
https://en.wikipedia.org/wiki/United_States_Armed_Forces,web
https://en.wikipedia.org/wiki/United_States_government_role_in_civil_aviation,web
https://en.wikipedia.org/wiki/Wikipedia:Manual_of_Style,web
https://epoch.ai/about/team/anson-ho,web
https://epoch.ai/cookies,web
https://epoch.ai/gradient-updates/the-real-reason-ai-benchmarks-havent-reflected-economic-impacts,web
https://epoch.ai/privacy,web
https://epochai.substack.com/subscribe,web
https://ev.org/,web
https://evaluations.metr.org/openai-o1-preview-report,web
https://fas.org/publication/increasing-policy-readiness-of-ideas,web
https://foresight.org/ai-safety,web
https://fortune.com/2025/08/14/worried-ai-could-teach-people-to-build-bioweapons-dont-teach-it-how-say-researchers,web
https://forum.effectivealtruism.org/posts/ajBYeiggAzu6Cgb3o/biological-anchors-is-about-bounding-not-pinpointing-ai?commentId=59wqZk8wcKdEWQG3J,web
https://forum.effectivealtruism.org/posts/ajBYeiggAzu6Cgb3o/biological-anchors-is-about-bounding-not-pinpointing-ai?commentId=nEeuknn4unKTWEd6i,web
https://futureoflife.org/asi-polling,web
https://futureoflife.org/open-letter/pause-giant-ai-experiments,web
https://garrisonlovely.substack.com/p/claude-doesnt-want-to-die,web
https://github.com/CarperAI/trlx,github
https://github.com/EleutherAI/lm-evaluation-harness,github
https://github.com/METR/RE-Bench/tree/main/ai_rd_optimize_llm_foundry,github
https://github.com/METR/RE-Bench/tree/main/ai_rd_rust_codecontests_inference,github
https://github.com/METR/RE-Bench/tree/main/ai_rd_triton_cumsum,github
https://github.com/METR/public-tasks/tree/main/tasks/reversal_curse,github
https://github.com/SakanaAI/AI-Scientist,github
https://github.com/Significant-Gravitas/AutoGPT,github
https://github.com/UKGovernmentBEIS/inspect_evals/pull/228,github
https://github.com/UKGovernmentBEIS/inspect_evals/pull/254,github
https://github.com/UKGovernmentBEIS/inspect_evals/tree/main/src/inspect_evals,github
https://github.com/allenai/RL4LMs,github
https://github.com/anthropic-experimental/agentic-misalignment,github
https://github.com/anthropics/anthropic-quickstarts/blob/main/computer-use-demo/computer_use_demo/tools/edit.py?ref=musings.yasyf.com,github
https://github.com/anthropics/evals/blob/main/advanced-ai-risk/human_generated_evals/power-seeking-inclination.jsonl,github
https://github.com/apartresearch/3cb,github
https://github.com/ethz-spylab/rlhf_trojan_competition,github
https://github.com/inverse-scaling/prize,github
https://github.com/karpathy/llm.c,github
https://github.com/lichess-org/database,github
https://github.com/lvwerra/trl,github
https://github.com/meta-llama/PurpleLlama,github
https://github.com/meta-llama/PurpleLlama/blob/main/Llama-Guard3/11B-vision/README.md,github
https://github.com/meta-llama/PurpleLlama/blob/main/Llama-Guard3/8B/MODEL_CARD.md,github
https://github.com/meta-llama/PurpleLlama/blob/main/Llama-Guard3/8B/README.md,github
https://github.com/meta-llama/PurpleLlama/blob/main/Llama-Prompt-Guard-2/86M/MODEL_CARD.md,github
https://github.com/openai/evals/blob/main/evals/elsuite/steganography/readme.md,github
https://github.com/openai/lm-human-preferences,github
https://github.com/openai/summarize-from-feedback,github
https://github.com/openai/weak-to-strong,github
https://github.com/unslothai/unsloth,github
https://gluebenchmark.com/,web
https://haizelabs.com/,web
https://hls.harvard.edu/faculty/noah-r-feldman,web
https://home.cern/resources/faqs/five-sigma,web
https://huggingface.co/EleutherAI/deep-ignorance-e2e-extra-weak-filter,huggingface
https://huggingface.co/EleutherAI/deep-ignorance-e2e-strong-filter,huggingface
https://huggingface.co/EleutherAI/deep-ignorance-e2e-strong-filter-cb,huggingface
https://huggingface.co/EleutherAI/deep-ignorance-e2e-strong-filter-cb-lat,huggingface
https://huggingface.co/EleutherAI/deep-ignorance-e2e-strong-filter-strong-knowledge-corrupted,huggingface
https://huggingface.co/EleutherAI/deep-ignorance-e2e-strong-filter-weak-knowledge-corrupted,huggingface
https://huggingface.co/EleutherAI/deep-ignorance-e2e-weak-filter,huggingface
https://huggingface.co/EleutherAI/deep-ignorance-pretraining-stage-unfiltered,huggingface
https://huggingface.co/EleutherAI/deep-ignorance-strong-filter-pt-weak-filter-anneal,huggingface
https://huggingface.co/EleutherAI/deep-ignorance-strong-filter-pt-weak-filter-anneal-cb,huggingface
https://huggingface.co/EleutherAI/deep-ignorance-strong-filter-pt-weak-filter-anneal-cb-lat,huggingface
https://huggingface.co/EleutherAI/deep-ignorance-unfiltered,huggingface
https://huggingface.co/EleutherAI/deep-ignorance-unfiltered-cb,huggingface
https://huggingface.co/EleutherAI/deep-ignorance-unfiltered-cb-lat,huggingface
https://huggingface.co/EleutherAI/deep-ignorance-weak-filter-pt-strong-filter-anneal,huggingface
https://huggingface.co/Kamalesh0081,huggingface
https://huggingface.co/blog/deep-rl-ppo,huggingface
https://huggingface.co/blog/how-to-train,huggingface
https://huggingface.co/blog/putting_rl_back_in_rlhf_with_rloo,huggingface
https://huggingface.co/blog/rlhf},huggingface
https://huggingface.co/blog/trl-ddpo,huggingface
https://huggingface.co/blog/zh/rlhf,huggingface
https://huggingface.co/chironbang,huggingface
https://huggingface.co/collections/EleutherAI/deep-ignorance-685441040d024a0fee593d68,huggingface
https://huggingface.co/datasets/Anthropic/hh-rlhf,huggingface
https://huggingface.co/datasets/Anthropic/hh-rlhf?row=1,huggingface
https://huggingface.co/datasets/cais/wmdp/viewer/wmdp-bio/test?views%5B%5D=wmdp_bio&row=7,huggingface
https://huggingface.co/meta-llama/Llama-4-Scout-17B-16E-Instruct,huggingface
https://huggingface.co/odats,huggingface
https://huggingface.co/spaces/open-llm-leaderboard/open_llm_leaderboard,huggingface
https://ifanyonebuildsit.com/_next/image?url=%2Fprivate%2Fmedia-resources%2FIABIED%2520Creatives%2520Resources%2520(Internal,web
https://ifanyonebuildsit.com/media-kit,web
https://inspect.ai-safety-institute.org.uk/,web
https://inst.eecs.berkeley.edu/~cs188/fa24,web
https://inst.eecs.berkeley.edu/~cs188/fa24/assets/lectures/cs188-fa24-lec25.pdf,pdf
https://intelligence.org/2015/12/31/safety-engineering-target-selection-and-alignment-theory,web
https://jack-clark.net/,web
https://joecarlsmith.com/2023/11/15/new-report-scheming-ais-will-ais-fake-alignment-during-training-in-order-to-get-power,web
https://keepthefuturehuman.ai/essay/docs/chapter-1,web
https://keepthefuturehuman.ai/wp-content/uploads/2025/03/Keep_the_Future_Human__AnthonyAguirre__5March2025.pdf,pdf
https://krebsonsecurity.com/2018/07/google-security-keys-neutralized-employee-phishing,web
https://law.yale.edu/john-d-morley,web
https://leginfo.legislature.ca.gov/faces/billTextClient.xhtml?bill_id=202520260SB53,web
https://lesswrong.com/users/buck,web
https://lilianweng.github.io/posts/2024-11-28-reward-hacking,web
https://link.springer.com/article/10.1007/s11482-022-10070-y,web
https://link.springer.com/article/10.1134/S1062360422040075,web
https://machinocene.substack.com/p/cern-for-ai-an-overview,web
https://manifund.org/projects/apart-research-research-and-talent-acceleration,web
https://metr.github.io/autonomy-evals-guide/elicitation-protocol,web
https://metr.org/,web
https://metr.org/AI_R_D_Evaluation_Report.pdf,pdf
https://metr.org/assets/common-elements-nov-2024.pdf,pdf
https://metr.org/blog/2024-08-29-common-elements-of-frontier-ai-safety-policies,web
https://metr.org/blog/2024-11-22-evaluating-r-d-capabilities-of-llms,web
https://metr.org/faisc,web
https://metr.org/language-model-pilot-report,web
https://metr.org/rsp-key-components,web
https://metr.org/team?name=chris-painter,web
https://metr.org/team?name=holden-karnofsky,web
https://metr.org/team?name=paul-christiano,web
https://milesbrundage.substack.com/2b7a7fa9-e94d-4b06-80a1-547a43e8587e,web
https://milesbrundage.substack.com/7a98eba7-030a-45ce-9d4f-24e5d9ff8ee9,web
https://milesbrundage.substack.com/90fdaa2c-422f-4d38-8cfb-2e92e69d59f4,web
https://milesbrundage.substack.com/b0f500a6-de37-40c9-b2c2-7e190d7326f3,web
https://milesbrundage.substack.com/b74c3bec-5801-4790-ac31-2fb08f0848c8,web
https://milesbrundage.substack.com/c9fd6b02-2b1c-45c2-bd0a-12a2e4044d4a,web
https://milesbrundage.substack.com/d7120fb8-27ee-4f3a-8c68-50bdac4ddb8f,web
https://milesbrundage.substack.com/fd841daf-2848-48ec-bfad-c138840410ae,web
https://milesbrundage.substack.com/p/reasons-that-ai-can-help-with-ai,web
https://milesbrundage.substack.com/p/the-bread-and-butter-problem-in-ai,web
https://milesbrundage.substack.com/p/why-im-leaving-openai-and-what-im,web
https://model-spec.openai.com/2025-04-11.html,web
https://neurips.cc/virtual/2023/82192,web
https://nickbostrom.com/deep-utopia,web
https://nintil.com/scaling-tacit-knowledge,web
https://ojs.aaai.org/index.php/AAAI/article/view/11485,web
https://ojs.aaai.org/index.php/AAAI/article/view/6398,web
https://onlinelibrary.wiley.com/doi/full/10.1002/wps.21034,web
https://onlinelibrary.wiley.com/doi/full/10.1002/wps.21203,web
https://openai.com/blog/chatgpt,web
https://openai.com/blog/deep-reinforcement-learning-from-human-preferences,web
https://openai.com/blog/instruction-following,web
https://openai.com/blog/introducing-superalignment,web
https://openai.com/blog/our-approach-to-alignment-research,web
https://openai.com/global-affairs/an-update-on-disrupting-deceptive-uses-of-ai,web
https://openai.com/index/building-an-early-warning-system-for-llm-aided-biological-threat-creation,web
https://openai.com/index/chain-of-thought-monitoring,web
https://openai.com/index/dall-e-3-system-card,web
https://openai.com/index/debate,web
https://openai.com/index/deliberative-alignment,web
https://openai.com/index/deliberative-alignment?utm_source=chatgpt.com,web
https://openai.com/index/democratic-inputs-to-ai-grant-program-update,web
https://openai.com/index/disrupting-a-covert-iranian-influence-operation,web
https://openai.com/index/disrupting-deceptive-uses-of-AI-by-covert-influence-operations,web
https://openai.com/index/disrupting-malicious-uses-of-ai-by-state-affiliated-threat-actors,web
https://openai.com/index/faulty-reward-functions,web
https://openai.com/index/gpt-5-system-card,web
https://openai.com/index/instruction-following,web
https://openai.com/index/introducing-chatgpt-pro,web
https://openai.com/index/introducing-o3-and-o4-mini,web
https://openai.com/index/introducing-operator,web
https://openai.com/index/introducing-superalignment,web
https://openai.com/index/introducing-swe-bench-verified,web
https://openai.com/index/learning-from-human-preferences,web
https://openai.com/index/learning-to-reason-with-llms,web
https://openai.com/index/openai-anthropic-safety-evaluation,web
https://openai.com/index/openai-o1-system-card,web
https://openai.com/index/updating-our-preparedness-framework,web
https://openai.com/index/weak-to-strong-generalization,web
https://openai.com/o1,web
https://openai.com/research/critiques,web
https://openai.com/research/learning-from-human-preferences,web
https://openai.com/research/summarizing-books,web
https://openai.notion.site/Research-directions-0df8dd8136004615b0936bf48eb6aeb8,web
https://openreview.net/forum?id=oycEeFXX74,web
https://openreview.net/forum?id=zAxuIJLb38,web
https://ourworldindata.org/crop-yields,web
https://ourworldindata.org/grapher/countries-democracies-autocracies-row,web
https://ourworldindata.org/life-expectancy,web
https://ourworldindata.org/much-better-awful-can-be-better,web
https://ourworldindata.org/smallpox,web
https://ourworldindata.org/world-population-growth,web
https://palisaderesearch.github.io/shutdown_avoidance/2025-05-announcement.html,web
https://palisaderesearch.org/blog/shutdown-resistance,web
https://papers.ssrn.com/sol3/papers.cfm?abstract_id=3933677,web
https://paulfchristiano.com/,web
https://proceedings.mlr.press/v162/mindermann22a.html,web
https://proceedings.mlr.press/v70/koh17a/koh17a.pdf,pdf
https://proceedings.mlr.press/v81/buolamwini18a/buolamwini18a.pdf,pdf
https://proceedings.neurips.cc/paper/2017/hash/d5e2c0adad503c91f91df240d0cd4e49-Abstract.html,web
https://proceedings.neurips.cc/paper/2020/hash/1f89885d556929e98d3ef9b86448f951-Abstract.html,web
https://proceedings.neurips.cc/paper/2021/file/5c04925674920eb58467fb52ce4ef728-Paper.pdf,pdf
https://proceedings.neurips.cc/paper_files/paper/2023/file/ed3fea9033a80fea1376299fa7863f4a-Paper-Conference.pdf,pdf
https://robertkirk.github.io/,web
https://rome.baulab.info/,web
https://safe.ai/blog/wmdp-benchmark,web
https://safe.ai/work/statement-on-ai-risk,web
https://scottaaronson.blog/?p=6919,web
https://sd11.senate.ca.gov/news/20230913-senator-wiener-introduces-safety-framework-artificial-intelligence-legislation,web
https://situational-awareness.ai/from-agi-to-superintelligence,web
https://situational-awareness.ai/from-gpt-4-to-agi,web
https://situational-awareness.ai/lock-down-the-labs,web
https://situational-awareness.ai/the-free-world-must-prevail,web
https://slatestarcodex.com/2015/08/17/the-goddess-of-everything-else-2,web
https://spinningup.openai.com/en/latest/algorithms/ppo.html,web
https://super.gluebenchmark.com/,web
https://support.claude.com/en/articles/12119250-model-safety-bug-bounty-program,web
https://techcrunch.com/2023/04/20/jailbreak-tricks-discords-new-chatbot-into-sharing-napalm-and-meth-instructions,web
https://techinformed.com/2025-informed-the-year-of-agentic-ai,web
https://theprecipice.com/,web
https://time.com/4252312/googles-artificial-intelligence-beats-legendary-go-player,web
https://time.com/7012890/yoshua-bengio-2,web
https://time.com/7202312/new-tests-reveal-ai-capacity-for-deception,web
https://time.com/7202784/ai-research-strategic-lying,web
https://time.com/7203729/ai-evaluations-safety,web
https://time.com/7205596/sam-altman-superintelligence-agi,web
https://time.com/7210296/chinese-ai-company-deepseek-stuns-american-ai-industry,web
https://time.com/7221384/ai-regulation-takes-backseat-paris-summit,web
https://transcripts.metr.org/,web
https://transcripts.metr.org/run,web
https://transformer-circuits.pub/,web
https://transformer-circuits.pub/2021/framework/index.html,web
https://transformer-circuits.pub/2023/monosemantic-features,web
https://transluce.org/observability-interface,web
https://trust.anthropic.com/resources?s=eorilovp4wxk38nxbi7k3&name=anthropic-frontier-compliance-framework,web
https://waitbutwhy.com/2015/01/artificial-intelligence-revolution-2.html,web
https://webarena.dev/,web
https://www.aclweb.org/anthology/D19-1243,web
https://www.adalovelaceinstitute.org/blog/synthetic-data-real-harm,web
https://www.adept.ai/act,web
https://www.ai-transparency.org/,web
https://www.aisi.gov.uk/work/advanced-ai-evaluations-may-update,web
https://www.aisi.gov.uk/work/pre-deployment-evaluation-of-anthropics-upgraded-claude-3-5-sonnet,web
https://www.aisi.gov.uk/work/pre-deployment-evaluation-of-openais-o1-model,web
https://www.alignment.org/,web
https://www.alignment.org/blog/mechanistic-anomaly-detection-and-elk,web
https://www.alignmentforum.org/posts/ChDH335ckdvpxXaXX/model-organisms-of-misalignment-the-case-for-a-new-pillar-of-1,web
https://www.alignmentforum.org/posts/EFrsvnF6uZieZr3uG/adversarial-training-importance-sampling-and-anti,web
https://www.alignmentforum.org/posts/GCqoks9eZDfpL8L3Q/how-to-prevent-collusion-when-using-untrusted-models-to,web
https://www.alignmentforum.org/posts/HduCjmXTBD4xYTegv/draft-report-on-existential-risk-from-power-seeking-ai,web
https://www.alignmentforum.org/posts/JKwrDwsaRiSxTv9ur/categorizing-failures-as-outer-or-inner-misalignment-is,web
https://www.alignmentforum.org/posts/KENtuXySHJgxsH2Qk/managing-catastrophic-misuse-without-robust-ais,web
https://www.alignmentforum.org/posts/LbrPTJ4fmABEdEnLf/200-concrete-open-problems-in-mechanistic-interpretability,web
https://www.alignmentforum.org/posts/LjgcRbptarrRfJWtR/a-breakdown-of-ai-capability-levels-focused-on-ai-r-and-d,web
https://www.alignmentforum.org/posts/PJLABqQ962hZEqhdB/debate-update-obfuscated-arguments-problem,web
https://www.alignmentforum.org/posts/Qo2EkG3dEMv8GnX8d/ai-strategy-nearcasting,web
https://www.alignmentforum.org/posts/d9FJHawgkiMSPjagR/ai-control-improving-safety-despite-intentional-subversion,web
https://www.alignmentforum.org/posts/dxgEaDrEBkkE96CXr/thoughts-on-responsible-scaling-policies-and-regulation,web
https://www.alignmentforum.org/posts/dxgEaDrEBkkE96CXr/thoughts-on-responsible-scaling-policies-and-regulation?commentId=HMAL8nK47hD6XBTCw,web
https://www.alignmentforum.org/posts/i2nmBfCXnadeGmhzW/catching-ais-red-handed,web
https://www.alignmentforum.org/posts/kcKrE9mzEHrdqtDpE/the-case-for-ensuring-that-powerful-ais-are-controlled,web
https://www.alignmentforum.org/posts/mFAvspg4sXkrfZ7FA/deep-forgetting-and-unlearning-for-safely-scoped-llms,web
https://www.alignmentforum.org/posts/pdaGN6pQyQarFHXF4/reward-is-not-the-optimization-target,web
https://www.alignmentforum.org/posts/vYWDEtJ2b8tkbG7Rv/behavioral-red-teaming-is-unlikely-to-produce-clear-strong,web
https://www.alignmentforum.org/posts/vhfATmAoJcN8RqGg6/a-guide-to-iterated-amplification-and-debate,web
https://www.alignmentforum.org/posts/vphFJzK3mWA4PJKAg/coherent-behaviour-in-the-real-world-is-an-incoherent,web
https://www.alignmentforum.org/posts/xqkGmfikqapbJ2YMj/shard-theory-an-overview,web
https://www.alignmentforum.org/s/4dHMdK5TLN6xcqtyc/p/NxF5G6CJiof6cemTw,web
https://www.alignmentforum.org/s/mzgtmmTKKn5MuCzFJ,web
https://www.alignmentforum.org/w/daemons,web
https://www.annualreviews.org/content/journals/10.1146/annurev-animal-021022-055132,web
https://www.anthropic.com/,web
https://www.anthropic.com/_next/image?url=https%3A%2F%2Fwww-cdn.anthropic.com%2Fimages%2F4zrzovbb%2Fwebsite%2F063a4368697f13e8d297f3cfed31a4cf9fe0790e-4584x1667.png&w=3840&q=75,web
https://www.anthropic.com/_next/image?url=https%3A%2F%2Fwww-cdn.anthropic.com%2Fimages%2F4zrzovbb%2Fwebsite%2F13036ed61a509a1464aa1ac39d8de229b30772a3-4096x2304.png&w=3840&q=75,web
https://www.anthropic.com/_next/image?url=https%3A%2F%2Fwww-cdn.anthropic.com%2Fimages%2F4zrzovbb%2Fwebsite%2F246a928da96d21474848647bc4b0938d182aeb8b-4096x1746.png&w=3840&q=75,web
https://www.anthropic.com/_next/image?url=https%3A%2F%2Fwww-cdn.anthropic.com%2Fimages%2F4zrzovbb%2Fwebsite%2F303486c9f04cab24abd889087830712ba2c5ebb0-4096x2304.png&w=3840&q=75,web
https://www.anthropic.com/_next/image?url=https%3A%2F%2Fwww-cdn.anthropic.com%2Fimages%2F4zrzovbb%2Fwebsite%2F389ef6fe2011f65e3f7bd7c56eadbe89ea9b45b7-4584x2580.png&w=3840&q=75,web
https://www.anthropic.com/_next/image?url=https%3A%2F%2Fwww-cdn.anthropic.com%2Fimages%2F4zrzovbb%2Fwebsite%2F6cc34bfc6ba9f1e033a62fcde68ed97b88c9a253-2200x1152.png&w=3840&q=75,web
https://www.anthropic.com/_next/image?url=https%3A%2F%2Fwww-cdn.anthropic.com%2Fimages%2F4zrzovbb%2Fwebsite%2F70cae1622a2d6c22e2c6e263ea158167ca2106c1-4584x2579.png&w=3840&q=75,web
https://www.anthropic.com/_next/image?url=https%3A%2F%2Fwww-cdn.anthropic.com%2Fimages%2F4zrzovbb%2Fwebsite%2F713234b3b3dc00ab02ff4c16b7ad3fd9d1171ad9-4584x2579.png&w=3840&q=75,web
https://www.anthropic.com/_next/image?url=https%3A%2F%2Fwww-cdn.anthropic.com%2Fimages%2F4zrzovbb%2Fwebsite%2F86e82c64197d0ed38c940b6207c6cd5b0b2f1bb6-4096x2304.png&w=3840&q=75,web
https://www.anthropic.com/_next/image?url=https%3A%2F%2Fwww-cdn.anthropic.com%2Fimages%2F4zrzovbb%2Fwebsite%2F99736e27f302232297c0aca0f5b33e2600ec8906-4096x1139.png&w=3840&q=75,web
https://www.anthropic.com/_next/image?url=https%3A%2F%2Fwww-cdn.anthropic.com%2Fimages%2F4zrzovbb%2Fwebsite%2Fa04240ddbf30daf711a186ceed0a240bd390a312-4584x2580.png&w=3840&q=75,web
https://www.anthropic.com/_next/image?url=https%3A%2F%2Fwww-cdn.anthropic.com%2Fimages%2F4zrzovbb%2Fwebsite%2Fa7c09ecd57c986788a20b71daaa533bc691830b3-4096x2304.png&w=3840&q=75,web
https://www.anthropic.com/_next/image?url=https%3A%2F%2Fwww-cdn.anthropic.com%2Fimages%2F4zrzovbb%2Fwebsite%2Fae6d3c4209ac5fa888cb21941f25e0d24c14e275-4584x2579.png&w=3840&q=75,web
https://www.anthropic.com/_next/image?url=https%3A%2F%2Fwww-cdn.anthropic.com%2Fimages%2F4zrzovbb%2Fwebsite%2Fc1c6988a3be22b2f0cd2de650c71bbdca4742497-4096x2304.png&w=3840&q=75,web
https://www.anthropic.com/_next/image?url=https%3A%2F%2Fwww-cdn.anthropic.com%2Fimages%2F4zrzovbb%2Fwebsite%2Fc53d3d072ceef20105299251a03ecd0f30190a11-1728x1258.png&w=3840&q=75,web
https://www.anthropic.com/_next/image?url=https%3A%2F%2Fwww-cdn.anthropic.com%2Fimages%2F4zrzovbb%2Fwebsite%2Fc704ae324f51c73c9a723aed7f725d6a28159380-2200x1690.png&w=3840&q=75,web
https://www.anthropic.com/_next/image?url=https%3A%2F%2Fwww-cdn.anthropic.com%2Fimages%2F4zrzovbb%2Fwebsite%2Fd4ecf930303d3c5b9bdb6d953fd845eac92ffb48-3840x2160.png&w=3840&q=75,web
https://www.anthropic.com/_next/image?url=https%3A%2F%2Fwww-cdn.anthropic.com%2Fimages%2F4zrzovbb%2Fwebsite%2Fd8889f94ef801509c36d02fabe7e61bd468ca6f6-3840x2160.png&w=3840&q=75,web
https://www.anthropic.com/_next/image?url=https%3A%2F%2Fwww-cdn.anthropic.com%2Fimages%2F4zrzovbb%2Fwebsite%2Fe8268392d72d86966a9695e3c66e11bf5b2e7b69-4584x2579.png&w=3840&q=75,web
https://www.anthropic.com/_next/image?url=https%3A%2F%2Fwww-cdn.anthropic.com%2Fimages%2F4zrzovbb%2Fwebsite%2Fe85c883654e0a7e6d096cfa0413b35bcb7ccad58-2880x1620.png&w=3840&q=75,web
https://www.anthropic.com/_next/image?url=https%3A%2F%2Fwww-cdn.anthropic.com%2Fimages%2F4zrzovbb%2Fwebsite%2Ff16473f9893693a59cb4794883ed0dce965ce93e-2514x1414.png&w=3840&q=75,web
https://www.anthropic.com/_next/image?url=https%3A%2F%2Fwww-cdn.anthropic.com%2Fimages%2F4zrzovbb%2Fwebsite%2Ff58920b4636df3919c1bda221581692c794a1399-4584x2579.png&w=3840&q=75,web
https://www.anthropic.com/_next/image?url=https%3A%2F%2Fwww-cdn.anthropic.com%2Fimages%2F4zrzovbb%2Fwebsite%2Ff8ade2db0fefac490af1e2a991b0d4ce3f0b238c-3840x2160.png&w=3840&q=75,web
https://www.anthropic.com/claude-4-system-card,web
https://www.anthropic.com/claude/opus,web
https://www.anthropic.com/constitution,web
https://www.anthropic.com/index/anthropics-responsible-scaling-policy,web
https://www.anthropic.com/index/core-views-on-ai-safety,web
https://www.anthropic.com/news/3-5-models-and-computer-use,web
https://www.anthropic.com/news/a-new-initiative-for-developing-third-party-model-evaluations,web
https://www.anthropic.com/news/activating-asl3-protections,web
https://www.anthropic.com/news/alignment-faking,web
https://www.anthropic.com/news/announcing-our-updated-responsible-scaling-policy,web
https://www.anthropic.com/news/anthropic-series-c,web
https://www.anthropic.com/news/anthropics-responsible-scaling-policy,web
https://www.anthropic.com/news/claudes-constitution,web
https://www.anthropic.com/news/collective-constitutional-ai-aligning-a-language-model-with-public-input,web
https://www.anthropic.com/news/core-views-on-ai-safety,web
https://www.anthropic.com/news/detecting-and-countering-malicious-uses-of-claude-march-2025,web
https://www.anthropic.com/news/evaluating-ai-systems,web
https://www.anthropic.com/news/sleeper-agents-training-deceptive-llms-that-persist-through-safety-training,web
https://www.anthropic.com/research/agentic-misalignment},web
https://www.anthropic.com/research/auditing-hidden-objectives,web
https://www.anthropic.com/research/constitutional-classifiers,web
https://www.anthropic.com/research/many-shot-jailbreaking,web
https://www.anthropic.com/research/mapping-mind-language-model,web
https://www.anthropic.com/research/probes-catch-sleeper-agents,web
https://www.anthropic.com/research/sabotage-evaluations,web
https://www.anthropic.com/research/sleeper-agents-training-deceptive-llms-that-persist-through-safety-training,web
https://www.anthropic.com/research/towards-understanding-sycophancy-in-language-models,web
https://www.anthropic.com/rsp-updates,web
https://www.antischeming.ai/cot-transcripts/figure-47,web
https://www.apolloresearch.ai/,web
https://www.apolloresearch.ai/blog/an-opinionated-evals-reading-list,web
https://www.apolloresearch.ai/blog/forecasting-frontier-language-model-agent-capabilities,web
https://www.apolloresearch.ai/contact,web
https://www.apolloresearch.ai/research/scheming-reasoning-evaluations,web
https://www.apolloresearch.ai/research/stress-testing-deliberative-alignment-for-anti-scheming-training,web
https://www.arxiv.org/abs/2408.08926,arxiv
https://www.arxiv.org/abs/2509.15541,arxiv
https://www.astralcodexten.com/p/why-does-ozempic-cure-all-diseases,web
https://www.bloomberg.com/news/articles/2024-07-11/openai-sets-levels-to-track-progress-toward-superintelligent-ai,web
https://www.bloomberg.com/opinion/articles/2023-08-16/ai-won-t-supercharge-the-us-economy,web
https://www.cambridge.org/core/journals/american-political-science-review/article/why-arms-control-is-so-rare/BAC79354627F72CDDDB102FE82889B8A,web
https://www.cambridge.org/core/journals/perspectives-on-politics/article/abs/who-is-open-to-authoritarian-governance-within-western-democracies/0ADCD5FFE5B7E9267E8283C7561FB6BE,web
https://www.cbpai.org/,web
https://www.cisa.gov/topics/physical-security/insider-threat-mitigation/defining-insider-threats,web
https://www.cnbc.com/2024/05/17/openai-superalignment-sutskever-leike.html,web
https://www.cognition-labs.com/introducing-devin,web
https://www.cold-takes.com/all-possible-views-about-humanitys-future-are-wild,web
https://www.cold-takes.com/biological-anchors-is-about-bounding-not-pinpointing-ai-timelines,web
https://www.cold-takes.com/hunter-gatherer-gender-relations-seem-bad,web
https://www.cold-takes.com/making-the-best-of-the-most-important-century,web
https://www.cold-takes.com/most-important-century,web
https://www.cold-takes.com/p/4a610336-be1d-42fc-b76f-c33e34598340,web
https://www.cold-takes.com/p/50c1ecc0-befa-491d-8938-17477bd18e5f,web
https://www.cold-takes.com/the-duplicator,web
https://www.cold-takes.com/transformative-ai-timelines-part-1-of-4-what-kind-of-ai,web
https://www.cold-takes.com/where-ai-forecasting-stands-today,web
https://www.cold-takes.com/why-ai-alignment-could-be-hard-with-modern-deep-learning,web
https://www.cooperativeai.com/contact,web
https://www.cs.toronto.edu/~kriz/cifar.html,web
https://www.cs.utexas.edu/~eunsol/courses/data/bitter_lesson.pdf,pdf
https://www.cs.utexas.edu/~pstone,web
https://www.cs.utexas.edu/~pstone/Papers/bib2html-links/ICDL08-knox.pdf,pdf
https://www.csis.org/analysis/updated-october-7-semiconductor-export-controls,web
https://www.deepmind.com/publications/gophercite-teaching-language-models-to-support-answers-with-verified-quotes,web
https://www.dwarkeshpatel.com/p/john-schulman,web
https://www.edge.org/response-detail/26243,web
https://www.effectivealtruism.org/articles/paul-christiano-current-work-in-ai-alignment,web
https://www.fhi.ox.ac.uk/Existential-risk-and-existential-hope.pdf,pdf
https://www.fhi.ox.ac.uk/brain-emulation-roadmap-report.pdf,pdf
https://www.fhi.ox.ac.uk/wp-content/uploads/2021/03/International-Control-of-Powerful-Technology-Lessons-from-the-Baruch-Plan-Zaidi-Dafoe-2021.pdf,pdf
https://www.forourposterity.com/nobodys-on-the-ball-on-agi-alignment,web
https://www.frontiermodelforum.org/updates/fmf-announces-first-of-its-kind-information-sharing-agreement,web
https://www.futurehouse.org/research-announcements/aviary,web
https://www.futurehouse.org/research-announcements/lab-bench-measuring-capabilities-of-language-models-for-biology-research,web
https://www.givewell.org/,web
https://www.gov.uk/government/publications/international-ai-safety-report-2025,web
https://www.gov.uk/government/speeches/secretary-of-state-speech-at-cogx-festival,web
https://www.harrymayne.com/,web
https://www.iaps.ai/research/location-verification-for-ai-chips,web
https://www.jmlr.org/papers/volume18/16-634/16-634.pdf,pdf
https://www.lesswrong.com/posts/2x7fwbwb35sG8QmEt/sunset-at-noon,web
https://www.lesswrong.com/posts/4ZvJab25tDebB8FGE/you-get-about-five-words,web
https://www.lesswrong.com/posts/4inoCWnKrpHt4gCx9/protecting-large-projects-against-mazedom,web
https://www.lesswrong.com/posts/6cWgaaxWqGYwJs3vj/a-basic-systems-architecture-for-ai-agents-that-do,web
https://www.lesswrong.com/posts/AfH2oPHCApdKicM4m/two-year-update-on-my-personal-ai-timelines,web
https://www.lesswrong.com/posts/AyNHoTWWAJ5eb99ji/another-outer-alignment-failure-story,web
https://www.lesswrong.com/posts/BAzCGCys4BkzGDCWR/the-prototypical-catastrophic-ai-action-is-getting-root,web
https://www.lesswrong.com/posts/DkcdXsP56g9kXyBdq/coherence-arguments-imply-a-force-for-goal-directed-behavior,web
https://www.lesswrong.com/posts/EFQ3F6kmt4WHXRqik/ugh-fields,web
https://www.lesswrong.com/posts/FAJWEfXxws8pMp8Hk/link-why-i-m-optimistic-about-openai-s-alignment-approach,web
https://www.lesswrong.com/posts/FBoyR2rt29oYvazsE/high-reliability-orgs-and-ai-companies,web
https://www.lesswrong.com/posts/FG54euEAesRkSZuJN/ryan_greenblatt-s-shortform?commentId=B6oDGoyphuNuzdDAT,web
https://www.lesswrong.com/posts/G5TwJ9BGxcgh5DsmQ/yes-requires-the-possibility-of-no,web
https://www.lesswrong.com/posts/GE6pcmmLc3kdpNJja/fuzzing-llms-sometimes-makes-them-reveal-their-secrets,web
https://www.lesswrong.com/posts/GfZfDHZHCuYwrHGCd/without-fundamental-advances-misalignment-and-catastrophe,web
https://www.lesswrong.com/posts/HBxe6wdjxK239zajf/what-failure-looks-like,web
https://www.lesswrong.com/posts/KrJfoZzpSDpnrv9va/draft-report-on-ai-timelines,web
https://www.lesswrong.com/posts/LTtNXM9shNM9AC2mp/superintelligence-faq,web
https://www.lesswrong.com/posts/LpM3EAakwYdS6aRKf/what-multipolar-failure-looks-like-and-robust-agent-agnostic,web
https://www.lesswrong.com/posts/NKmjGS4a3ykriqRNR/analyzing-deepmind-s-probabilistic-methods-for-evaluating,web
https://www.lesswrong.com/posts/PY3HEHc5fMQkTrQo4/beware-safety-washing,web
https://www.lesswrong.com/posts/QqYfxeogtatKotyEC/training-ai-agents-to-solve-hard-problems-could-lead-to,web
https://www.lesswrong.com/posts/SbAgRYo8tkHwhd9Qx/deepmind-the-podcast-excerpts-on-agi,web
https://www.lesswrong.com/posts/WCj7WgFSLmyKaMwPR/coup-probes-catching-catastrophes-with-probes-trained-off,web
https://www.lesswrong.com/posts/YWwzccGbcHMJMpT45/ai-safety-via-market-making,web
https://www.lesswrong.com/posts/a5e9arCnbDac9Doig/it-looks-like-you-re-trying-to-take-over-the-world,web
https://www.lesswrong.com/posts/dLg7CyeTE4pqbbcnp/language-models-model-us,web
https://www.lesswrong.com/posts/doPbyzPgKdjedohud/the-case-for-more-ambitious-language-model-evals,web
https://www.lesswrong.com/posts/i3BTagvt3HbPMx6PN/embedded-agency-full-text-version,web
https://www.lesswrong.com/posts/iDFTmb8HSGtL4zTvf/how-could-we-know-that-an-agi-system-will-have-good,web
https://www.lesswrong.com/posts/kcKrE9mzEHrdqtDpE/the-case-for-ensuring-that-powerful-ais-are-controlled,web
https://www.lesswrong.com/posts/keiYkaeoLHoKK4LYA/six-dimensions-of-operational-adequacy-in-agi-projects,web
https://www.lesswrong.com/posts/oC4wv4nTrs2yrP5hz/what-are-the-strongest-arguments-for-very-short-timelines?commentId=Kzam9tz2WsDnBZYAu,web
https://www.lesswrong.com/posts/pHfPvb4JMhGDr4B7n/recursive-middle-manager-hell,web
https://www.lesswrong.com/posts/pRkFkzwKZ2zfa3R6H/without-specific-countermeasures-the-easiest-path-to,web
https://www.lesswrong.com/posts/qGRk7uF92Gcmq2oeK/ablations-for-frontier-models-are-capable-of-in-context,web
https://www.lesswrong.com/posts/qHCDysDnvhteW7kRd/arc-s-first-technical-report-eliciting-latent-knowledge,web
https://www.lesswrong.com/posts/t7gqDrb657xhbKkem/uncovering-deceptive-tendencies-in-language-models-a,web
https://www.lesswrong.com/posts/tbJdxJMAiehewGpq2/impressions-from-base-gpt-4?commentId%3DCemTb7c2gmwuSAwCC=,web
https://www.lesswrong.com/posts/tmWMuY5HCSNXXZ9oq/buck-s-shortform?commentId=TNFatFiqHd8BpAXEp,web
https://www.lesswrong.com/posts/wqDRRx9RqwKLzWt7R/nonperson-predicates,web
https://www.lesswrong.com/posts/yxdHp2cZeQbZGREEN/improving-model-written-evals-for-ai-safety-benchmarking,web
https://www.lesswrong.com/tag/instrumental-convergence,web
https://www.lesswrong.com/tag/paperclip-maximizer,web
https://www.llama.com/developer-use-guide,web
https://www.llama.com/docs/model-cards-and-prompt-formats/llama-guard-4,web
https://www.longtermresilience.org/wp-content/uploads/2024/09/AI-Facilitated-Biological-Weapon-Development-Website-Copy-1.pdf,pdf
https://www.mariushobbhahn.com/evals,web
https://www.matsprogram.org/,web
https://www.metaculus.com/questions/3479/date-weakly-general-ai-is-publicly-known,web
https://www.metaculus.com/questions/5121/date-of-artificial-general-intelligence,web
https://www.microsoft.com/en-us/research/blog/steering-at-the-frontier-extending-the-power-of-prompting,web
https://www.microsoft.com/en-us/security/blog/2024/06/04/ai-jailbreaks-what-they-are-and-how-they-can-be-mitigated,web
https://www.nature.com/articles/456871a,web
https://www.nature.com/articles/d41586-024-00306-2,web
https://www.nature.com/articles/s41380-021-01249-0,web
https://www.nature.com/articles/s41558-023-01604-9,web
https://www.nature.com/articles/s41576-021-00386-0,web
https://www.nature.com/articles/s41581-022-00636-2,web
https://www.nature.com/articles/s41586-021-03819-2,web
https://www.nature.com/articles/s41586-024-07701-9,web
https://www.nature.com/articles/s41587-021-01078-0,web
https://www.nature.com/articles/s41591-022-01735-0,web
https://www.ncsc.gov.uk/report/impact-of-ai-on-cyber-threat,web
https://www.newyorker.com/magazine/2023/11/20/geoffrey-hinton-profile-ai,web
https://www.nist.gov/news-events/news/2024/04/us-commerce-secretary-gina-raimondo-announces-expansion-us-ai-safety,web
https://www.nist.gov/system/files/documents/2024/12/18/US_UK_AI%20Safety%20Institute_%20December_Publication-OpenAIo1.pdf,pdf
https://www.nrc.gov/reading-rm/doc-collections/fact-sheets/security-enhancements.html,web
https://www.nysenate.gov/legislation/bills/2025/A6453/amendment/A,web
https://www.nytimes.com/2023/02/16/technology/bing-chatbot-transcript.html,web
https://www.nytimes.com/2024/04/10/technology/ai-chatbot-training-chatgpt.html,web
https://www.nytimes.com/2024/07/08/opinion/elevator-construction-regulation-labor-immigration.html,web
https://www.nytimes.com/2025/06/05/opinion/anthropic-ceo-regulate-transparency.html,web
https://www.ox.ac.uk/news/2025-08-12-study-finds-filtered-data-stops-openly-available-ai-models-performing-dangerous,web
https://www.planned-obsolescence.org/dangerous-capability-tests-should-be-harder,web
https://www.planned-obsolescence.org/the-costs-of-caution,web
https://www.rand.org/,web
https://www.rand.org/about/people/d/dev_sunishchal.html,web
https://www.rand.org/about/people/l/lee_jeffrey.html,web
https://www.rand.org/about/people/m/matheny_jason.html,web
https://www.rand.org/content/dam/rand/pubs/research_reports/RRA2800/RRA2849-1/RAND_RRA2849-1.pdf,pdf
https://www.rand.org/content/dam/rand/pubs/research_reports/RRA2900/RRA2977-2/RAND_RRA2977-2.pdf,pdf
https://www.rand.org/content/dam/rand/pubs/working_papers/WRA3000/WRA3056-1/RAND_WRA3056-1.pdf,pdf
https://www.rand.org/content/dam/rand/pubs/working_papers/WRA3700/WRA3797-1/RAND_WRA3797-1.pdf,pdf
https://www.rand.org/global-and-emerging-risks.html,web
https://www.rand.org/pubs/authors/b/bradley_henry_alexander.html,web
https://www.rand.org/pubs/authors/b/brady_kyle.html,web
https://www.rand.org/pubs/authors/d/despanie_jordan.html,web
https://www.rand.org/pubs/authors/e/ellison_grant.html,web
https://www.rand.org/pubs/authors/g/gebauer_sarah.html,web
https://www.rand.org/pubs/authors/m/maciorowski_dawid.html,web
https://www.rand.org/pubs/authors/p/persaud_bria.html,web
https://www.rand.org/pubs/authors/t/teague_charles.html,web
https://www.rand.org/pubs/permissions.html,web
https://www.rand.org/pubs/research_reports/RRA2849-1.html,web
https://www.rand.org/pubs/research_reports/RRA2977-1.html,web
https://www.rand.org/support-us/philanthropically-supported-research.html,web
https://www.redwoodresearch.org/,web
https://www.reuters.com/technology/artificial-intelligence/us-government-commission-pushes-manhattan-project-style-ai-initiative-2024-11-19,web
https://www.reuters.com/world/biden-xi-agreed-that-humans-not-ai-should-control-nuclear-weapons-white-house-2024-11-16,web
https://www.safe.ai/statement-on-ai-risk,web
https://www.safe.ai/work/statement-on-ai-risk,web
https://www.science.org/content/article/new-genetic-tricks-boosting-crop-yield-take-clues-ancient-farmers,web
https://www.science.org/doi/10.1126/sciadv.adn1524,web
https://www.sciencedirect.com/science/article/pii/S0016328721001932,web
https://www.sciencedirect.com/science/article/pii/S0022202X18322930,web
https://www.sciencedirect.com/science/article/pii/S0305737220300578,web
https://www.sciencedirect.com/science/article/pii/S135964462400134X,web
https://www.scmagazine.com/news/ai-package-hallucination-malicious-code-developer-environments,web
https://www.state.gov/political-declaration-on-responsible-military-use-of-artificial-intelligence-and-autonomy,web
https://www.swebench.com/,web
https://www.synnada.ai/glossary/data-pruning,web
https://www.technologyreview.com/2024/02/20/1088002/higgs-boson-physics-particle-collider-large-hadron-collider,web
https://www.theguardian.com/technology/2023/jun/23/two-us-lawyers-fined-submitting-fake-court-citations-chatgpt,web
https://www.theguardian.com/technology/2024/feb/22/google-pauses-ai-generated-images-of-people-after-ethnicity-criticism,web
https://www.theverge.com/2018/7/26/17619382/ibms-watson-cancer-ai-healthcare-science,web
https://www.virologytest.ai/,web
https://www.vox.com/future-perfect/2018/12/21/18126576/ai-artificial-intelligence-machine-learning-safety-alignment,web
https://www.vox.com/future-perfect/2023/10/5/23903292/katalin-kariko-drew-weissman-nobel-prize-medicine-mrna-vaccines-covid-coronavirus,web
https://www.vox.com/future-perfect/2023/8/18/23836362/ai-slow-down-poll-regulation,web
https://www.vox.com/technology/23738987/racism-ai-automated-bias-discrimination-algorithm,web
https://www.youtube.com/watch?v=2MBJOuVq380&feature=youtu.be,youtube
https://www.youtube.com/watch?v=9eXV64O2Xp8,youtube
https://www.youtube.com/watch?v=Ilg3gGewQ5U,youtube
https://www.youtube.com/watch?v=JavGesatkeA,youtube
https://www.youtube.com/watch?v=Nl7-bRFSZBs,youtube
https://www.youtube.com/watch?v=SLgZhpDsrfc,youtube
https://www.youtube.com/watch?v=aircAruvnKk,youtube
https://www.youtube.com/watch?v=wjZofJX0v4M&t=1342s,youtube
https://www.youtube.com/watch?v=wjZofJX0v4M&t=727s,youtube
https://x.ai/documents/2025.02.20-RMF-Draft.pdf,pdf
https://yoshuabengio.org/2023/05/22/how-rogue-ais-may-arise,web
https://yoshuabengio.org/wp-content/uploads/2024/09/FlexHEG-Interim-Report_2024.pdf,pdf
https://youtu.be/RJJCFQdli5U?si=JlmVFnrzWsGLC2Km,youtube
https://youtu.be/fGq4np3brbs,youtube
